{
  "22": {
    "call": 1,
    "raise": 0,
    "fold": 0
  },
  "33": {
    "call": 1,
    "raise": 0,
    "fold": 0
  },
  "44": {
    "call": 0.99,
    "raise": 0.01,
    "fold": 8.673617379884035e-18
  },
  "55": {
    "call": 0.99,
    "raise": 0.01,
    "fold": 8.673617379884035e-18
  },
  "66": {
    "call": 0.932,
    "raise": 0.068,
    "fold": 0
  },
  "77": {
    "call": 0.92,
    "raise": 0.08,
    "fold": 0
  },
  "88": {
    "call": 0.914,
    "raise": 0.086,
    "fold": 0
  },
  "99": {
    "call": 0.852,
    "raise": 0.148,
    "fold": 2.7755575615628914e-17
  },
  "AA": {
    "call": 0,
    "raise": 1,
    "fold": 0
  },
  "AKs": {
    "call": 0,
    "raise": 1,
    "fold": 0
  },
  "AQs": {
    "call": 0,
    "raise": 1,
    "fold": 0
  },
  "AJs": {
    "call": 0.404,
    "raise": 0.596,
    "fold": 0
  },
  "ATs": {
    "call": 0.534,
    "raise": 0.466,
    "fold": 0
  },
  "A9s": {
    "call": 0.796,
    "raise": 0.204,
    "fold": 0
  },
  "A8s": {
    "call": 0.832,
    "raise": 0.168,
    "fold": 2.7755575615628914e-17
  },
  "A7s": {
    "call": 0.85,
    "raise": 0.15,
    "fold": 2.7755575615628914e-17
  },
  "A6s": {
    "call": 0.812,
    "raise": 0.188,
    "fold": 0
  },
  "A5s": {
    "call": 0.652,
    "raise": 0.348,
    "fold": 0
  },
  "A4s": {
    "call": 0.622,
    "raise": 0.378,
    "fold": 0
  },
  "A3s": {
    "call": 0.836,
    "raise": 0.164,
    "fold": 2.7755575615628914e-17
  },
  "A2s": {
    "call": 0.956,
    "raise": 0.044,
    "fold": 4.163336342344337e-17
  },
  "AKo": {
    "call": 0,
    "raise": 1,
    "fold": 0
  },
  "KK": {
    "call": 0,
    "raise": 1,
    "fold": 0
  },
  "KQs": {
    "call": 0.146,
    "raise": 0.854,
    "fold": 0
  },
  "KJs": {
    "call": 0,
    "raise": 1,
    "fold": 0
  },
  "KTs": {
    "call": 0.308,
    "raise": 0.692,
    "fold": 0
  },
  "K9s": {
    "call": 0.938,
    "raise": 0.062,
    "fold": 5.551115123125783e-17
  },
  "K8s": {
    "call": 0.938,
    "raise": 0.062,
    "fold": 5.551115123125783e-17
  },
  "K7s": {
    "call": 0.788,
    "raise": 0.212,
    "fold": 0
  },
  "K6s": {
    "call": 0.828,
    "raise": 0.172,
    "fold": 5.551115123125783e-17
  },
  "K5s": {
    "call": 0.826,
    "raise": 0.174,
    "fold": 5.551115123125783e-17
  },
  "K4s": {
    "call": 0.81,
    "raise": 0.19,
    "fold": 0
  },
  "K3s": {
    "call": 1,
    "raise": 0,
    "fold": 0
  },
  "K2s": {
    "call": 1,
    "raise": 0,
    "fold": 0
  },
  "AQo": {
    "call": 0.86,
    "raise": 0.14,
    "fold": 0
  },
  "KQo": {
    "call": 0.91,
    "raise": 0.09,
    "fold": 0
  },
  "QQ": {
    "call": 0,
    "raise": 1,
    "fold": 0
  },
  "QJs": {
    "call": 0,
    "raise": 1,
    "fold": 0
  },
  "QTs": {
    "call": 0.25,
    "raise": 0.75,
    "fold": 0
  },
  "Q9s": {
    "call": 0.656,
    "raise": 0.344,
    "fold": 0
  },
  "Q8s": {
    "call": 0.676,
    "raise": 0.324,
    "fold": 0
  },
  "Q7s": {
    "call": 0.708,
    "raise": 0.048,
    "fold": 0.244
  },
  "Q6s": {
    "call": 0.86,
    "raise": 0.112,
    "fold": 0.026
  },
  "Q5s": {
    "call": 0.626,
    "raise": 0,
    "fold": 0.374
  },
  "Q4s": {
    "call": 0.276,
    "raise": 0,
    "fold": 0.724
  },
  "Q3s": {
    "call": 0,
    "raise": 0,
    "fold": 1
  },
  "Q2s": {
    "call": 0,
    "raise": 0,
    "fold": 1
  },
  "AJo": {
    "call": 1,
    "raise": 0,
    "fold": 0
  },
  "KJo": {
    "call": 1,
    "raise": 0,
    "fold": 0
  },
  "QJo": {
    "call": 0.858,
    "raise": 0.142,
    "fold": 2.7755575615628914e-17
  },
  "JJ": {
    "call": 0.22,
    "raise": 0.78,
    "fold": 0
  },
  "JTs": {
    "call": 0.486,
    "raise": 0.514,
    "fold": 0
  },
  "J9s": {
    "call": 0.732,
    "raise": 0.268,
    "fold": 0
  },
  "J8s": {
    "call": 0.816,
    "raise": 0.184,
    "fold": 5.551115123125783e-17
  },
  "J7s": {
    "call": 0.518,
    "raise": 0,
    "fold": 0.482
  },
  "J6s": {
    "call": 0,
    "raise": 0,
    "fold": 1
  },
  "J5s": {
    "call": 0,
    "raise": 0,
    "fold": 1
  },
  "J4s": {
    "call": 0,
    "raise": 0,
    "fold": 1
  },
  "J3s": {
    "call": 0,
    "raise": 0,
    "fold": 1
  },
  "J2s": {
    "call": 0,
    "raise": 0,
    "fold": 1
  },
  "ATo": {
    "call": 0.94,
    "raise": 0.06,
    "fold": 5.551115123125783e-17
  },
  "KTo": {
    "call": 0.598,
    "raise": 0,
    "fold": 0.402
  },
  "QTo": {
    "call": 0.452,
    "raise": 0,
    "fold": 0.548
  },
  "JTo": {
    "call": 0.48,
    "raise": 0,
    "fold": 0.52
  },
  "TT": {
    "call": 0.672,
    "raise": 0.328,
    "fold": 0
  },
  "T9s": {
    "call": 0.68,
    "raise": 0.32,
    "fold": 0
  },
  "T8s": {
    "call": 0.788,
    "raise": 0.212,
    "fold": 0
  },
  "T7s": {
    "call": 0.946,
    "raise": 0.054,
    "fold": 4.85722573273506e-17
  },
  "T6s": {
    "call": 0.028,
    "raise": 0,
    "fold": 0.972
  },
  "T5s": {
    "call": 0,
    "raise": 0,
    "fold": 1
  },
  "T4s": {
    "call": 0,
    "raise": 0,
    "fold": 1
  },
  "T3s": {
    "call": 0,
    "raise": 0,
    "fold": 1
  },
  "T2s": {
    "call": 0,
    "raise": 0,
    "fold": 1
  },
  "A9o": {
    "call": 0.328,
    "raise": 0,
    "fold": 0.672
  },
  "K9o": {
    "call": 0,
    "raise": 0,
    "fold": 1
  },
  "Q9o": {
    "call": 0,
    "raise": 0,
    "fold": 1
  },
  "J9o": {
    "call": 0,
    "raise": 0,
    "fold": 1
  },
  "T9o": {
    "call": 0.068,
    "raise": 0,
    "fold": 0.932
  },
  "98s": {
    "call": 0.892,
    "raise": 0.108,
    "fold": 0
  },
  "97s": {
    "call": 0.9,
    "raise": 0.1,
    "fold": 0
  },
  "96s": {
    "call": 1,
    "raise": 0,
    "fold": 0
  },
  "95s": {
    "call": 0.154,
    "raise": 0,
    "fold": 0.846
  },
  "94s": {
    "call": 0,
    "raise": 0,
    "fold": 1
  },
  "93s": {
    "call": 0,
    "raise": 0,
    "fold": 1
  },
  "92s": {
    "call": 0,
    "raise": 0,
    "fold": 1
  },
  "A8o": {
    "call": 0,
    "raise": 0,
    "fold": 1
  },
  "K8o": {
    "call": 0,
    "raise": 0,
    "fold": 1
  },
  "Q8o": {
    "call": 0,
    "raise": 0,
    "fold": 1
  },
  "J8o": {
    "call": 0,
    "raise": 0,
    "fold": 1
  },
  "T8o": {
    "call": 0,
    "raise": 0,
    "fold": 1
  },
  "98o": {
    "call": 0,
    "raise": 0,
    "fold": 1
  },
  "87s": {
    "call": 0.704,
    "raise": 0.296,
    "fold": 5.551115123125783e-17
  },
  "86s": {
    "call": 0.916,
    "raise": 0.084,
    "fold": 0
  },
  "85s": {
    "call": 1,
    "raise": 0,
    "fold": 0
  },
  "84s": {
    "call": 0,
    "raise": 0,
    "fold": 1
  },
  "83s": {
    "call": 0,
    "raise": 0,
    "fold": 1
  },
  "82s": {
    "call": 0,
    "raise": 0,
    "fold": 1
  },
  "A7o": {
    "call": 0,
    "raise": 0,
    "fold": 1
  },
  "K7o": {
    "call": 0,
    "raise": 0,
    "fold": 1
  },
  "Q7o": {
    "call": 0,
    "raise": 0,
    "fold": 1
  },
  "J7o": {
    "call": 0,
    "raise": 0,
    "fold": 1
  },
  "T7o": {
    "call": 0,
    "raise": 0,
    "fold": 1
  },
  "97o": {
    "call": 0,
    "raise": 0,
    "fold": 1
  },
  "87o": {
    "call": 0,
    "raise": 0,
    "fold": 1
  },
  "76s": {
    "call": 0.69,
    "raise": 0.31,
    "fold": 5.551115123125783e-17
  },
  "75s": {
    "call": 0.824,
    "raise": 0.176,
    "fold": 5.551115123125783e-17
  },
  "74s": {
    "call": 0.674,
    "raise": 0,
    "fold": 0.326
  },
  "73s": {
    "call": 0,
    "raise": 0,
    "fold": 1
  },
  "72s": {
    "call": 0,
    "raise": 0,
    "fold": 1
  },
  "A6o": {
    "call": 0,
    "raise": 0,
    "fold": 1
  },
  "K6o": {
    "call": 0,
    "raise": 0,
    "fold": 1
  },
  "Q6o": {
    "call": 0,
    "raise": 0,
    "fold": 1
  },
  "J6o": {
    "call": 0,
    "raise": 0,
    "fold": 1
  },
  "T6o": {
    "call": 0,
    "raise": 0,
    "fold": 1
  },
  "96o": {
    "call": 0,
    "raise": 0,
    "fold": 1
  },
  "86o": {
    "call": 0,
    "raise": 0,
    "fold": 1
  },
  "76o": {
    "call": 0,
    "raise": 0,
    "fold": 1
  },
  "65s": {
    "call": 0.622,
    "raise": 0.378,
    "fold": 0
  },