{
  "22": {
    "call": 0.966,
    "raise": 0,
    "fold": 0.03400000000000003
  },
  "33": {
    "call": 1,
    "raise": 0,
    "fold": 0
  },
  "44": {
    "call": 1,
    "raise": 0,
    "fold": 0
  },
  "55": {
    "call": 1,
    "raise": 0,
    "fold": 0
  },
  "66": {
    "call": 1,
    "raise": 0,
    "fold": 0
  },
  "77": {
    "call": 1,
    "raise": 0,
    "fold": 0
  },
  "88": {
    "call": 1,
    "raise": 0,
    "fold": 0
  },
  "99": {
    "call": 0.6206896551724137,
    "raise": 0.3793103448275862,
    "fold": 1.1102230246251565e-16
  },
  "AA": {
    "call": 0,
    "raise": 1,
    "fold": 0
  },
  "AKs": {
    "call": 0.04798172124904798,
    "raise": 0.952018278750952,
    "fold": 0
  },
  "AQs": {
    "call": 0.23109843081312412,
    "raise": 0.768901569186876,
    "fold": 0
  },
  "AJs": {
    "call": 0.22374877330716386,
    "raise": 0.7762512266928362,
    "fold": 0
  },
  "ATs": {
    "call": 0.27292110874200426,
    "raise": 0.7270788912579957,
    "fold": 0
  },
  "A9s": {
    "call": 1,
    "raise": 0,
    "fold": 0
  },
  "A8s": {
    "call": 1,
    "raise": 0,
    "fold": 0
  },
  "A7s": {
    "call": 1,
    "raise": 0,
    "fold": 0
  },
  "A6s": {
    "call": 0.8483999999999999,
    "raise": 0,
    "fold": 0.15160000000000007
  },
  "A5s": {
    "call": 0.10575304485592632,
    "raise": 0.8942469551440737,
    "fold": 0
  },
  "A4s": {
    "call": 0.10919999999999999,
    "raise": 0.7843,
    "fold": 0.10650000000000004
  },
  "A3s": {
    "call": 0.24479999999999996,
    "raise": 0.6545,
    "fold": 0.10070000000000012
  },
  "A2s": {
    "call": 0.33480000000000004,
    "raise": 0.48510000000000003,
    "fold": 0.18009999999999998
  },
  "AKo": {
    "call": 0.2205961092271997,
    "raise": 0.7794038907728004,
    "fold": 0
  },
  "KK": {
    "call": 0,
    "raise": 1,
    "fold": 0
  },
  "KQs": {
    "call": 0.31341301460823373,
    "raise": 0.6865869853917663,
    "fold": 0
  },
  "KJs": {
    "call": 0.7189129134262029,
    "raise": 0.28108708657379716,
    "fold": 0
  },
  "KTs": {
    "call": 0.9144947416552356,
    "raise": 0.08550525834476454,
    "fold": 0
  },
  "K9s": {
    "call": 1,
    "raise": 0,
    "fold": 0
  },
  "K8s": {
    "call": 1,
    "raise": 0,
    "fold": 0
  },
  "K7s": {
    "call": 0.8543999999999999,
    "raise": 0,
    "fold": 0.14560000000000006
  },
  "K6s": {
    "call": 0.6,
    "raise": 0,
    "fold": 0.4
  },
  "K5s": {
    "call": 0.3564,
    "raise": 0.44880000000000003,
    "fold": 0.19479999999999992
  },
  "K4s": {
    "call": 0.35879999999999995,
    "raise": 0.33330000000000004,
    "fold": 0.30789999999999995
  },
  "K3s": {
    "call": 0,
    "raise": 0,
    "fold": 1
  },
  "K2s": {
    "call": 0,
    "raise": 0,
    "fold": 1
  },
  "AQo": {
    "call": 0.4210526315789473,
    "raise": 0.5789473684210525,
    "fold": 1.1102230246251565e-16
  },
  "KQo": {
    "call": 0.8002715085694891,
    "raise": 0.19972849143051077,
    "fold": 8.326672684688674e-17
  },
  "QQ": {
    "call": 0,
    "raise": 1,
    "fold": 0
  },
  "QJs": {
    "call": 1,
    "raise": 0,
    "fold": 0
  },
  "QTs": {
    "call": 1,
    "raise": 0,
    "fold": 0
  },
  "Q9s": {
    "call": 1,
    "raise": 0,
    "fold": 0
  },
  "Q8s": {
    "call": 0.8423999999999999,
    "raise": 0,
    "fold": 0.15760000000000007
  },
  "Q7s": {
    "call": 0,
    "raise": 0,
    "fold": 1
  },
  "Q6s": {
    "call": 0,
    "raise": 0,
    "fold": 1
  },
  "Q5s": {
    "call": 0.3828,
    "raise": 0.29040000000000005,
    "fold": 0.3267999999999999
  },
  "Q4s": {
    "call": 0,
    "raise": 0,
    "fold": 1
  },
  "Q3s": {
    "call": 0,
    "raise": 0,
    "fold": 1
  },
  "Q2s": {
    "call": 0,
    "raise": 0,
    "fold": 1
  },
  "AJo": {
    "call": 0.5227371532910181,
    "raise": 0.47726284670898184,
    "fold": 5.551115123125783e-17
  },
  "KJo": {
    "call": 1,
    "raise": 0,
    "fold": 0
  },
  "QJo": {
    "call": 1,
    "raise": 0,
    "fold": 0
  },
  "JJ": {
    "call": 0,
    "raise": 1,
    "fold": 0
  },
  "JTs": {
    "call": 1,
    "raise": 0,
    "fold": 0
  },
  "J9s": {
    "call": 1,
    "raise": 0,
    "fold": 0
  },
  "J8s": {
    "call": 0.4764,
    "raise": 0.2266,
    "fold": 0.29700000000000004
  },
  "J7s": {
    "call": 0,
    "raise": 0,
    "fold": 1
  },
  "J6s": {
    "call": 0,
    "raise": 0,
    "fold": 1
  },
  "J5s": {
    "call": 0,
    "raise": 0,
    "fold": 1
  },
  "J4s": {
    "call": 0,
    "raise": 0,
    "fold": 1
  },
  "J3s": {
    "call": 0,
    "raise": 0,
    "fold": 1
  },
  "J2s": {
    "call": 0,
    "raise": 0,
    "fold": 1
  },
  "ATo": {
    "call": 1,
    "raise": 0,
    "fold": 0
  },
  "KTo": {
    "call": 1,
    "raise": 0,
    "fold": 0
  },
  "QTo": {
    "call": 0.9672000000000001,
    "raise": 0,
    "fold": 0.03279999999999994
  },
  "JTo": {
    "call": 1,
    "raise": 0,
    "fold": 0
  },
  "TT": {
    "call": 0.3185840707964602,
    "raise": 0.6814159292035399,
    "fold": 0
  },
  "T9s": {
    "call": 1,
    "raise": 0,
    "fold": 0
  },
  "T8s": {
    "call": 1,
    "raise": 0,
    "fold": 0
  },
  "T7s": {
    "call": 0.35879999999999995,
    "raise": 0.2068,
    "fold": 0.4344
  },
  "T6s": {
    "call": 0,
    "raise": 0,
    "fold": 1
  },
  "T5s": {
    "call": 0,
    "raise": 0,
    "fold": 1
  },
  "T4s": {
    "call": 0,
    "raise": 0,
    "fold": 1
  },
  "T3s": {
    "call": 0,
    "raise": 0,
    "fold": 1
  },
  "T2s": {
    "call": 0,
    "raise": 0,
    "fold": 1
  },
  "A9o": {
    "call": 1,
    "raise": 0,
    "fold": 0
  },
  "K9o": {
    "call": 0.6,
    "raise": 0,
    "fold": 0.4
  },
  "Q9o": {
    "call": 0.48,
    "raise": 0,
    "fold": 0.52
  },
  "J9o": {
    "call": 0.6,
    "raise": 0,
    "fold": 0.4
  },
  "T9o": {
    "call": 0.7152,
    "raise": 0,
    "fold": 0.28480000000000005
  },
  "98s": {
    "call": 1,
    "raise": 0,
    "fold": 0
  },
  "97s": {
    "call": 0.486,
    "raise": 0.20790000000000003,
    "fold": 0.3061
  },
  "96s": {
    "call": 0,
    "raise": 0,
    "fold": 1
  },
  "95s": {
    "call": 0,
    "raise": 0,
    "fold": 1
  },
  "94s": {
    "call": 0,
    "raise": 0,
    "fold": 1
  },
  "93s": {
    "call": 0,
    "raise": 0,
    "fold": 1
  },
  "92s": {
    "call": 0,
    "raise": 0,
    "fold": 1
  },
  "A8o": {
    "call": 0.7175999999999999,
    "raise": 0,
    "fold": 0.2824000000000001
  },
  "K8o": {
    "call": 0,
    "raise": 0,
    "fold": 1
  },
  "Q8o": {
    "call": 0,
    "raise": 0,
    "fold": 1
  },
  "J8o": {
    "call": 0,
    "raise": 0,
    "fold": 1
  },
  "T8o": {
    "call": 0,
    "raise": 0,
    "fold": 1
  },
  "98o": {
    "call": 0.366,
    "raise": 0,
    "fold": 0.634
  },
  "87s": {
    "call": 1,
    "raise": 0,
    "fold": 0
  },
  "86s": {
    "call": 0.36119999999999997,
    "raise": 0.21230000000000002,
    "fold": 0.4265
  },
  "85s": {
    "call": 0,
    "raise": 0,
    "fold": 1
  },
  "84s": {
    "call": 0,
    "raise": 0,
    "fold": 1
  },
  "83s": {
    "call": 0,
    "raise": 0,
    "fold": 1
  },
  "82s": {
    "call": 0,
    "raise": 0,
    "fold": 1
  },
  "A7o": {
    "call": 0.486,
    "raise": 0,
    "fold": 0.514
  },
  "K7o": {
    "call": 0,
    "raise": 0,
    "fold": 1
  },
  "Q7o": {
    "call": 0,
    "raise": 0,
    "fold": 1
  },
  "J7o": {
    "call": 0,
    "raise": 0,
    "fold": 1
  },
  "T7o": {
    "call": 0,
    "raise": 0,
    "fold": 1
  },
  "97o": {
    "call": 0,
    "raise": 0,
    "fold": 1
  },
  "87o": {
    "call": 0,
    "raise": 0,
    "fold": 1
  },
  "76s": {
    "call": 1,
    "raise": 0,
    "fold": 0
  },
  "75s": {
    "call": 0.36119999999999997,
    "raise": 0.23320000000000002,
    "fold": 0.4056
  },
  "74s": {
    "call": 0,
    "raise": 0,
    "fold": 1
  },
  "73s": {
    "call": 0,
    "raise": 0,
    "fold": 1
  },
  "72s": {
    "call": 0,
    "raise": 0,
    "fold": 1
  },
  "A6o": {
    "call": 0,
    "raise": 0,
    "fold": 1
  },
  "K6o": {
    "call": 0,
    "raise": 0,