{
  "22": {
    "call": 1,
    "raise": 0,
    "fold": 0
  },
  "33": {
    "call": 1,
    "raise": 0,
    "fold": 0
  },
  "44": {
    "call": 1,
    "raise": 0,
    "fold": 0
  },
  "55": {
    "call": 1,
    "raise": 0.030800000000000004,
    "fold": 0
  },
  "66": {
    "call": 0.9984,
    "raise": 0.18480000000000002,
    "fold": 0
  },
  "77": {
    "call": 0.8447999999999999,
    "raise": 0.3256,
    "fold": 0
  },
  "88": {
    "call": 0.5831999999999999,
    "raise": 0.5654,
    "fold": 0
  },
  "99": {
    "call": 0.1008,
    "raise": 1,
    "fold": 0
  },
  "AA": {
    "call": 0,
    "raise": 1,
    "fold": 0
  },
  "AKs": {
    "call": 0,
    "raise": 1,
    "fold": 0
  },
  "AQs": {
    "call": 0,
    "raise": 1,
    "fold": 0
  },
  "AJs": {
    "call": 0,
    "raise": 1,
    "fold": 0
  },
  "ATs": {
    "call": 0.156,
    "raise": 0.9570000000000001,
    "fold": 0
  },
  "A9s": {
    "call": 0.9815999999999999,
    "raise": 0.20020000000000002,
    "fold": 0
  },
  "A8s": {
    "call": 0.7392,
    "raise": 0.42240000000000005,
    "fold": 0
  },
  "A7s": {
    "call": 0.49439999999999995,
    "raise": 0.6468,
    "fold": 0
  },
  "A6s": {
    "call": 0.9192,
    "raise": 0.2574,
    "fold": 0
  },
  "A5s": {
    "call": 0,
    "raise": 1,
    "fold": 0
  },
  "A4s": {
    "call": 0.3384,
    "raise": 0.7898000000000001,
    "fold": 0
  },
  "A3s": {
    "call": 0.9863999999999999,
    "raise": 0.1958,
    "fold": 0
  },
  "A2s": {
    "call": 1,
    "raise": 0,
    "fold": 0
  },
  "AKo": {
    "call": 0,
    "raise": 1,
    "fold": 0
  },
  "KK": {
    "call": 0,
    "raise": 1,
    "fold": 0
  },
  "KQs": {
    "call": 0,
    "raise": 1,
    "fold": 0
  },
  "KJs": {
    "call": 0,
    "raise": 1,
    "fold": 0
  },
  "KTs": {
    "call": 0.0312,
    "raise": 1,
    "fold": 0
  },
  "K9s": {
    "call": 0.36719999999999997,
    "raise": 0.7634,
    "fold": 0
  },
  "K8s": {
    "call": 0.768,
    "raise": 0.396,
    "fold": 0
  },
  "K7s": {
    "call": 1,
    "raise": 0.1584,
    "fold": 0
  },
  "K6s": {
    "call": 0.8832,
    "raise": 0.29040000000000005,
    "fold": 0
  },
  "K5s": {
    "call": 1,
    "raise": 0.11220000000000001,
    "fold": 0
  },
  "K4s": {
    "call": 1,
    "raise": 0,
    "fold": 0
  },
  "K3s": {
    "call": 1,
    "raise": 0,
    "fold": 0
  },
  "K2s": {
    "call": 1,
    "raise": 0,
    "fold": 0
  },
  "AQo": {
    "call": 0.036,
    "raise": 1,
    "fold": 0
  },
  "KQo": {
    "call": 0.5688,
    "raise": 0.5786000000000001,
    "fold": 0
  },
  "QQ": {
    "call": 0,
    "raise": 1,
    "fold": 0
  },
  "QJs": {
    "call": 0.072,
    "raise": 1,
    "fold": 0
  },
  "QTs": {
    "call": 0.1464,
    "raise": 0.9658000000000001,
    "fold": 0
  },
  "Q9s": {
    "call": 0.0816,
    "raise": 1,
    "fold": 0
  },
  "Q8s": {
    "call": 0.9192,
    "raise": 0.2574,
    "fold": 0
  },
  "Q7s": {
    "call": 1,
    "raise": 0.0088,
    "fold": 0
  },
  "Q6s": {
    "call": 1,
    "raise": 0.0748,
    "fold": 0
  },
  "Q5s": {
    "call": 1,
    "raise": 0.022000000000000002,
    "fold": 0
  },
  "Q4s": {
    "call": 1,
    "raise": 0,
    "fold": 0
  },
  "Q3s": {
    "call": 1,
    "raise": 0,
    "fold": 0
  },
  "Q2s": {
    "call": 1,
    "raise": 0,
    "fold": 0
  },
  "AJo": {
    "call": 0.6312,
    "raise": 0.5214,
    "fold": 0
  },
  "KJo": {
    "call": 0.8351999999999999,
    "raise": 0.33440000000000003,
    "fold": 0
  },
  "QJo": {
    "call": 1,
    "raise": 0.10560000000000001,
    "fold": 0
  },
  "JJ": {
    "call": 0,
    "raise": 1,
    "fold": 0
  },
  "JTs": {
    "call": 0,
    "raise": 1,
    "fold": 0
  },
  "J9s": {
    "call": 0,
    "raise": 1,
    "fold": 0
  },
  "J8s": {
    "call": 0.7272,
    "raise": 0.43340000000000006,
    "fold": 0
  },
  "J7s": {
    "call": 0.66,
    "raise": 0.49500000000000005,
    "fold": 0
  },
  "J6s": {
    "call": 1,
    "raise": 0.17600000000000002,
    "fold": 0
  },
  "J5s": {
    "call": 0.9624,
    "raise": 0.21780000000000002,
    "fold": 0
  },
  "J4s": {
    "call": 1,
    "raise": 0.0044,
    "fold": 0
  },
  "J3s": {
    "call": 1,
    "raise": 0,
    "fold": 0
  },
  "J2s": {
    "call": 0.9384,
    "raise": 0,
    "fold": 0.06159999999999999
  },
  "ATo": {
    "call": 1,
    "raise": 0.09020000000000002,
    "fold": 0
  },
  "KTo": {
    "call": 0.9624,
    "raise": 0.21780000000000002,
    "fold": 0
  },
  "QTo": {
    "call": 0.9552,
    "raise": 0.22440000000000002,
    "fold": 0
  },
  "JTo": {
    "call": 0.9312,
    "raise": 0.24640000000000004,
    "fold": 0
  },
  "TT": {
    "call": 0,
    "raise": 1,
    "fold": 0
  },
  "T9s": {
    "call": 0,
    "raise": 1,
    "fold": 0
  },
  "T8s": {
    "call": 0.2976,
    "raise": 0.8272,
    "fold": 0
  },
  "T7s": {
    "call": 0.8712,
    "raise": 0.30140000000000006,
    "fold": 0
  },
  "T6s": {
    "call": 0.9096,
    "raise": 0.2662,
    "fold": 0
  },
  "T5s": {
    "call": 0.7464,
    "raise": 0,
    "fold": 0.25360000000000005
  },
  "T4s": {
    "call": 0.3024,
    "raise": 0,
    "fold": 0.6976
  },
  "T3s": {
    "call": 0.276,
    "raise": 0,
    "fold": 0.724
  },
  "T2s": {
    "call": 0,
    "raise": 0,
    "fold": 1
  },
  "A9o": {
    "call": 1,
    "raise": 0.13640000000000002,
    "fold": 0
  },
  "K9o": {
    "call": 1,
    "raise": 0.099,
    "fold": 0
  },
  "Q9o": {
    "call": 1,
    "raise": 0,
    "fold": 0
  },
  "J9o": {
    "call": 1,
    "raise": 0.12100000000000001,
    "fold": 0
  },
  "T9o": {
    "call": 1,
    "raise": 0.13640000000000002,
    "fold": 0
  },
  "98s": {
    "call": 0.4056,
    "raise": 0.7282000000000001,
    "fold": 0
  },
  "97s": {
    "call": 0.9815999999999999,
    "raise": 0.20020000000000002,
    "fold": 0
  },
  "96s": {
    "call": 1,
    "raise": 0.08360000000000001,
    "fold": 0
  },
  "95s": {
    "call": 0.264,
    "raise": 0,
    "fold": 0.736
  },
  "94s": {
    "call": 0,
    "raise": 0,
    "fold": 1
  },
  "93s": {
    "call": 0,
    "raise": 0,
    "fold": 1
  },
  "92s": {
    "call": 0,
    "raise": 0,
    "fold": 1
  },
  "A8o": {
    "call": 1,
    "raise": 0.0792,
    "fold": 0
  },
  "K8o": {
    "call": 0.5304,
    "raise": 0,
    "fold": 0.4696
  },
  "Q8o": {
    "call": 0,
    "raise": 0,
    "fold": 1
  },
  "J8o": {
    "call": 0.045599999999999995,
    "raise": 0,
    "fold": 0.9544
  },
  "T8o": {
    "call": 0.504,
    "raise": 0,
    "fold": 0.496
  },
  "98o": {
    "call": 0.44639999999999996,
    "raise": 0,
    "fold": 0.5536000000000001
  },
  "87s": {
    "call": 0.25439999999999996,
    "raise": 0.8668000000000001,
    "fold": 0
  },
  "86s": {
    "call": 0.9887999999999999,
    "raise": 0.1936,
    "fold": 0
  },
  "85s": {
    "call": 1,
    "raise": 0,
    "fold": 0
  },
  "84s": {
    "call": 0.1632,
    "raise": 0,
    "fold": 0.8368
  },
  "83s": {
    "call": 0,
    "raise": 0,
    "fold": 1
  },
  "82s": {
    "call": 0,
    "raise": 0,
    "fold": 1
  },
  "A7o": {
    "call": 1,
    "raise": 0.026400000000000003,
    "fold": 0
  },
  "K7o": {
    "call": 0,
    "raise": 0,
    "fold": 1
  },
  "Q7o": {
    "call": 0,
    "raise": 0,
    "fold": 1
  },
  "J7o": {
    "call": 0,
    "raise": 0,
    "fold": 1
  },
  "T7o": {
    "call": 0,
    "raise": 0,
    "fold": 1
  },
  "97o": {
    "call": 0,
    "raise": 0,
    "fold": 1
  },
  "87o": {
    "call": 0.4584,
    "raise": 0,
    "fold": 0.5416000000000001
  },
  "76s": {
    "call": 0.41519999999999996,
    "raise": 0.7194,
    "fold": 0
  },
  "75s": {
    "call": 0.9839999999999999,
    "raise": 0.198,
    "fold": 0
  },
  "74s": {
    "call": 1,
    "raise": 0,
    "fold": 0
  },
  "73s": {
    "call": 0.0384,
    "raise": 0,
    "fold": 0.9616
  },
  "72s": {
    "call": 0,
    "raise": 0,
    "fold": 1
  },
  "A6o": {
    "call": 0.5184,
    "raise": 0,
    "fold": 0.48160000000000003
  },
  "K6o": {
    "call": 0,
    "raise": 0,
    "fold": 1
  },
  "Q6o": {
    "call": 0,
    "raise": 0,
    "fold": 1
  },