{
  "22": {
    "call": 0.45999999999999996,
    "raise": 0,
    "fold": 0.54
  },
  "33": {
    "call": 0.575,
    "raise": 0,
    "fold": 0.42500000000000004
  },
  "44": {
    "call": 0.8107499999999999,
    "raise": 0,
    "fold": 0.18925000000000014
  },
  "55": {
    "call": 1,
    "raise": 0,
    "fold": 0
  },
  "66": {
    "call": 1,
    "raise": 0,
    "fold": 0
  },
  "77": {
    "call": 1,
    "raise": 0,
    "fold": 0
  },
  "88": {
    "call": 1,
    "raise": 0,
    "fold": 0
  },
  "99": {
    "call": 1,
    "raise": 0,
    "fold": 0
  },
  "AA": {
    "call": 0,
    "raise": 1,
    "fold": 0
  },
  "AKs": {
    "call": 0.17048226684180895,
    "raise": 0.829517733158191,
    "fold": 1.1102230246251565e-16
  },
  "AQs": {
    "call": 0.5704199855177408,
    "raise": 0.42958001448225924,
    "fold": 0
  },
  "AJs": {
    "call": 0.6704035874439461,
    "raise": 0.3295964125560538,
    "fold": 5.551115123125783e-17
  },
  "ATs": {
    "call": 0.7235609103078983,
    "raise": 0.27643908969210174,
    "fold": 0
  },
  "A9s": {
    "call": 0.9878499999999999,
    "raise": 0,
    "fold": 0.012150000000000105
  },
  "A8s": {
    "call": 0.6302,
    "raise": 0,
    "fold": 0.3698
  },
  "A7s": {
    "call": 0.40709999999999996,
    "raise": 0,
    "fold": 0.5929
  },
  "A6s": {
    "call": 0,
    "raise": 0,
    "fold": 1
  },
  "A5s": {
    "call": 0.28864999999999996,
    "raise": 0.6279,
    "fold": 0.08345000000000002
  },
  "A4s": {
    "call": 0.24149999999999996,
    "raise": 0.5607000000000001,
    "fold": 0.19779999999999998
  },
  "A3s": {
    "call": 0.20009999999999997,
    "raise": 0.3801,
    "fold": 0.41980000000000006
  },
  "A2s": {
    "call": 0,
    "raise": 0,
    "fold": 1
  },
  "AKo": {
    "call": 0.3648100331980818,
    "raise": 0.6351899668019182,
    "fold": 0
  },
  "KK": {
    "call": 0,
    "raise": 1,
    "fold": 0
  },
  "KQs": {
    "call": 0.6186807245201406,
    "raise": 0.3813192754798595,
    "fold": 0
  },
  "KJs": {
    "call": 1,
    "raise": 0,
    "fold": 0
  },
  "KTs": {
    "call": 1,
    "raise": 0,
    "fold": 0
  },
  "K9s": {
    "call": 0,
    "raise": 0,
    "fold": 1
  },
  "K8s": {
    "call": 0,
    "raise": 0,
    "fold": 1
  },
  "K7s": {
    "call": 0,
    "raise": 0,
    "fold": 1
  },
  "K6s": {
    "call": 0,
    "raise": 0,
    "fold": 1
  },
  "K5s": {
    "call": 0.45885,
    "raise": 0.26565,
    "fold": 0.2755
  },
  "K4s": {
    "call": 0,
    "raise": 0,
    "fold": 1
  },
  "K3s": {
    "call": 0,
    "raise": 0,
    "fold": 1
  },
  "K2s": {
    "call": 0,
    "raise": 0,
    "fold": 1
  },
  "AQo": {
    "call": 0,
    "raise": 0,
    "fold": 1
  },
  "KQo": {
    "call": 1,
    "raise": 0,
    "fold": 0
  },
  "QQ": {
    "call": 0.02794653705953827,
    "raise": 0.9720534629404617,
    "fold": 0
  },
  "QJs": {
    "call": 1,
    "raise": 0,
    "fold": 0
  },
  "QTs": {
    "call": 0.9338,
    "raise": 0,
    "fold": 0.06620000000000004
  },
  "Q9s": {
    "call": 0,
    "raise": 0,
    "fold": 1
  },
  "Q8s": {
    "call": 0,
    "raise": 0,
    "fold": 1
  },
  "Q7s": {
    "call": 0,
    "raise": 0,
    "fold": 1
  },
  "Q6s": {
    "call": 0,
    "raise": 0,
    "fold": 1
  },
  "Q5s": {
    "call": 0,
    "raise": 0,
    "fold": 1
  },
  "Q4s": {
    "call": 0,
    "raise": 0,
    "fold": 1
  },
  "Q3s": {
    "call": 0,
    "raise": 0,
    "fold": 1
  },
  "Q2s": {
    "call": 0,
    "raise": 0,
    "fold": 1
  },
  "AJo": {
    "call": 0.69,
    "raise": 0,
    "fold": 0.31000000000000005
  },
  "KJo": {
    "call": 0.4531,
    "raise": 0,
    "fold": 0.5468999999999999
  },
  "QJo": {
    "call": 0,
    "raise": 0,
    "fold": 1
  },
  "JJ": {
    "call": 0.42608217168011736,
    "raise": 0.5739178283198826,
    "fold": 1.1102230246251565e-16
  },
  "JTs": {
    "call": 1,
    "raise": 0,
    "fold": 0
  },
  "J9s": {
    "call": 0,
    "raise": 0,
    "fold": 1
  },
  "J8s": {
    "call": 0,
    "raise": 0,
    "fold": 1
  },
  "J7s": {
    "call": 0,
    "raise": 0,
    "fold": 1
  },
  "J6s": {
    "call": 0,
    "raise": 0,
    "fold": 1
  },
  "J5s": {
    "call": 0,
    "raise": 0,
    "fold": 1
  },
  "J4s": {
    "call": 0,
    "raise": 0,
    "fold": 1
  },
  "J3s": {
    "call": 0,
    "raise": 0,
    "fold": 1
  },
  "J2s": {
    "call": 0,
    "raise": 0,
    "fold": 1
  },
  "ATo": {
    "call": 0.345,
    "raise": 0,
    "fold": 0.655
  },
  "KTo": {
    "call": 0,
    "raise": 0,
    "fold": 1
  },
  "QTo": {
    "call": 0,
    "raise": 0,
    "fold": 1
  },
  "JTo": {
    "call": 0,
    "raise": 0,
    "fold": 1
  },
  "TT": {
    "call": 1,
    "raise": 0,
    "fold": 0
  },
  "T9s": {
    "call": 0.91655,
    "raise": 0,
    "fold": 0.08345000000000002
  },
  "T8s": {
    "call": 0,
    "raise": 0,
    "fold": 1
  },
  "T7s": {
    "call": 0,
    "raise": 0,
    "fold": 1
  },
  "T6s": {
    "call": 0,
    "raise": 0,
    "fold": 1
  },
  "T5s": {
    "call": 0,
    "raise": 0,
    "fold": 1
  },
  "T4s": {
    "call": 0,
    "raise": 0,
    "fold": 1
  },
  "T3s": {
    "call": 0,
    "raise": 0,
    "fold": 1
  },
  "T2s": {
    "call": 0,
    "raise": 0,
    "fold": 1
  },
  "A9o": {
    "call": 0,
    "raise": 0,
    "fold": 1
  },
  "K9o": {
    "call": 0,
    "raise": 0,
    "fold": 1
  },
  "Q9o": {
    "call": 0,
    "raise": 0,
    "fold": 1
  },
  "J9o": {
    "call": 0,
    "raise": 0,
    "fold": 1
  },
  "T9o": {
    "call": 0,
    "raise": 0,
    "fold": 1
  },
  "98s": {
    "call": 0.6842499999999999,
    "raise": 0,
    "fold": 0.3157500000000001
  },
  "97s": {
    "call": 0,
    "raise": 0,
    "fold": 1
  },
  "96s": {
    "call": 0,
    "raise": 0,
    "fold": 1
  },
  "95s": {
    "call": 0,
    "raise": 0,
    "fold": 1
  },
  "94s": {
    "call": 0,
    "raise": 0,
    "fold": 1
  },
  "93s": {
    "call": 0,
    "raise": 0,
    "fold": 1
  },
  "92s": {
    "call": 0,
    "raise": 0,
    "fold": 1
  },
  "A8o": {
    "call": 0,
    "raise": 0,
    "fold": 1
  },
  "K8o": {
    "call": 0,
    "raise": 0,
    "fold": 1
  },
  "Q8o": {
    "call": 0,
    "raise": 0,
    "fold": 1
  },
  "J8o": {
    "call": 0,
    "raise": 0,
    "fold": 1
  },
  "T8o": {
    "call": 0,
    "raise": 0,
    "fold": 1
  },
  "98o": {
    "call": 0,
    "raise": 0,
    "fold": 1
  },
  "87s": {
    "call": 0.46115,
    "raise": 0,
    "fold": 0.53885
  },
  "86s": {
    "call": 0,
    "raise": 0,
    "fold": 1
  },
  "85s": {
    "call": 0,
    "raise": 0,
    "fold": 1
  },
  "84s": {
    "call": 0,
    "raise": 0,
    "fold": 1
  },
  "83s": {
    "call": 0,
    "raise": 0,
    "fold": 1
  },
  "82s": {
    "call": 0,
    "raise": 0,
    "fold": 1
  },
  "A7o": {
    "call": 0,
    "raise": 0,
    "fold": 1
  },
  "K7o": {
    "call": 0,
    "raise": 0,
    "fold": 1
  },
  "Q7o": {
    "call": 0,
    "raise": 0,
    "fold": 1
  },
  "J7o": {
    "call": 0,
    "raise": 0,
    "fold": 1
  },
  "T7o": {
    "call": 0,
    "raise": 0,
    "fold": 1
  },
  "97o": {
    "call": 0,
    "raise": 0,
    "fold": 1
  },
  "87o": {
    "call": 0,
    "raise": 0,
    "fold": 1
  },
  "76s": {
    "call": 0,
    "raise": 0,
    "fold": 1
  },
  "75s": {
    "call": 0,
    "raise": 0,
    "fold": 1
  },
  "74s": {
    "call": 0,
    "raise": 0,
    "fold": 1
  },
  "73s": {
    "call": 0,
    "raise": 0,
    "fold": 1
  },
  "72s": {
    "call": 0,
    "raise": 0,
    "fold": 1
  },
  "A6o": {
    "call": 0,
    "raise": 0,
    "fold": 1
  },
  "K6o": {
    "call": 0,
    "raise": 0,
    "fold": 1
  },
  "Q6o": {
    "call": 0,
    "raise": 0,
    "fold": 1
  },
  "J6o": {
    "call": 0,
    "raise": 0,
    "fold": 1
  },
  "T6o": {
    "call": 0,
    "raise": 0,
    "fold": 1
  },
  "96o": {
    "call": 0,
    "raise": 0,
    "fold": 1
  },
  "86o": {
    "call": 0,
    "raise": 0,
    "fold": 1
  },
  "76o": {
    "call": 0,
    "raise": 0,
    "fold": 1
  },
  "65s": {
    "call": 0,
    "raise": 0,
    "fold": 1
  },
  "64s": {
    "call": 0,