{
  "22": {
    "call": 1,
    "raise": 0,
    "fold": 0
  },
  "33": {
    "call": 1,
    "raise": 0,
    "fold": 0
  },
  "44": {
    "call": 1,
    "raise": 0,
    "fold": 0
  },
  "55": {
    "call": 0.8868393047179851,
    "raise": 0.11316069528201492,
    "fold": 0
  },
  "66": {
    "call": 0.7563233592329311,
    "raise": 0.243676640767069,
    "fold": 0
  },
  "77": {
    "call": 0.689985825064621,
    "raise": 0.310014174935379,
    "fold": 0
  },
  "88": {
    "call": 0.45751353209038575,
    "raise": 0.5424864679096142,
    "fold": 0
  },
  "99": {
    "call": 0.1779359430604982,
    "raise": 0.8220640569395017,
    "fold": 1.1102230246251565e-16
  },
  "AA": {
    "call": 0,
    "raise": 1,
    "fold": 0
  },
  "AKs": {
    "call": 0,
    "raise": 1,
    "fold": 0
  },
  "AQs": {
    "call": 0,
    "raise": 1,
    "fold": 0
  },
  "AJs": {
    "call": 0,
    "raise": 1,
    "fold": 0
  },
  "ATs": {
    "call": 0.0049751243781094535,
    "raise": 0.9950248756218907,
    "fold": 0
  },
  "A9s": {
    "call": 0.8782715615668364,
    "raise": 0.12172843843316353,
    "fold": 8.326672684688674e-17
  },
  "A8s": {
    "call": 0.767580059425553,
    "raise": 0.23241994057444704,
    "fold": 0
  },
  "A7s": {
    "call": 0.8833922261484098,
    "raise": 0.1166077738515901,
    "fold": 5.551115123125783e-17
  },
  "A6s": {
    "call": 1,
    "raise": 0,
    "fold": 0
  },
  "A5s": {
    "call": 0,
    "raise": 1,
    "fold": 0
  },
  "A4s": {
    "call": 0.20397304008513653,
    "raise": 0.7960269599148634,
    "fold": 1.1102230246251565e-16
  },
  "A3s": {
    "call": 0.39407587043131814,
    "raise": 0.6059241295686818,
    "fold": 1.1102230246251565e-16
  },
  "A2s": {
    "call": 0.8286377195889957,
    "raise": 0.1713622804110043,
    "fold": 2.7755575615628914e-17
  },
  "AKo": {
    "call": 0,
    "raise": 1,
    "fold": 0
  },
  "KK": {
    "call": 0,
    "raise": 1,
    "fold": 0
  },
  "KQs": {
    "call": 0,
    "raise": 1,
    "fold": 0
  },
  "KJs": {
    "call": 0,
    "raise": 1,
    "fold": 0
  },
  "KTs": {
    "call": 0.12535816618911175,
    "raise": 0.8746418338108883,
    "fold": 0
  },
  "K9s": {
    "call": 0.577460021998477,
    "raise": 0.422539978001523,
    "fold": 0
  },
  "K8s": {
    "call": 0.8178240550955154,
    "raise": 0.18217594490448474,
    "fold": 0
  },
  "K7s": {
    "call": 0.6784968684759917,
    "raise": 0.32150313152400833,
    "fold": 0
  },
  "K6s": {
    "call": 0.519945448346403,
    "raise": 0.480054551653597,
    "fold": 0
  },
  "K5s": {
    "call": 0.8903133903133903,
    "raise": 0.1096866096866097,
    "fold": 0
  },
  "K4s": {
    "call": 0.9304056568663938,
    "raise": 0.06959434313360625,
    "fold": 0
  },
  "K3s": {
    "call": 1,
    "raise": 0,
    "fold": 0
  },
  "K2s": {
    "call": 1,
    "raise": 0,
    "fold": 0
  },
  "AQo": {
    "call": 0.049881235154394306,
    "raise": 0.9501187648456058,
    "fold": 0
  },
  "KQo": {
    "call": 0.689985825064621,
    "raise": 0.310014174935379,
    "fold": 0
  },
  "QQ": {
    "call": 0,
    "raise": 1,
    "fold": 0
  },
  "QJs": {
    "call": 0.14954021962324793,
    "raise": 0.8504597803767521,
    "fold": 0
  },
  "QTs": {
    "call": 0.4084896688856229,
    "raise": 0.5915103311143771,
    "fold": 0
  },
  "Q9s": {
    "call": 0.9062896501721951,
    "raise": 0.09371034982780498,
    "fold": 0
  },
  "Q8s": {
    "call": 1,
    "raise": 0,
    "fold": 0
  },
  "Q7s": {
    "call": 1,
    "raise": 0,
    "fold": 0
  },
  "Q6s": {
    "call": 1,
    "raise": 0,
    "fold": 0
  },
  "Q5s": {
    "call": 1,
    "raise": 0,
    "fold": 0
  },
  "Q4s": {
    "call": 1,
    "raise": 0,
    "fold": 0
  },
  "Q3s": {
    "call": 1,
    "raise": 0,
    "fold": 0
  },
  "Q2s": {
    "call": 1,
    "raise": 0,
    "fold": 0
  },
  "AJo": {
    "call": 0.6515545126958853,
    "raise": 0.3484454873041147,
    "fold": 5.551115123125783e-17
  },
  "KJo": {
    "call": 0.8748906386701663,
    "raise": 0.12510936132983377,
    "fold": 0
  },
  "QJo": {
    "call": 1,
    "raise": 0,
    "fold": 0
  },
  "JJ": {
    "call": 0,
    "raise": 1,
    "fold": 0
  },
  "JTs": {
    "call": 0.11431901730476103,
    "raise": 0.8856809826952389,
    "fold": 1.1102230246251565e-16
  },
  "J9s": {
    "call": 0.4676505920713918,
    "raise": 0.5323494079286082,
    "fold": 0
  },
  "J8s": {
    "call": 1,
    "raise": 0,
    "fold": 0
  },
  "J7s": {
    "call": 1,
    "raise": 0,
    "fold": 0
  },
  "J6s": {
    "call": 0.8991188635137565,
    "raise": 0.10088113648624349,
    "fold": 4.163336342344337e-17
  },
  "J5s": {
    "call": 0.8833922261484098,
    "raise": 0.1166077738515901,
    "fold": 5.551115123125783e-17
  },
  "J4s": {
    "call": 0.804862023653088,
    "raise": 0.19513797634691196,
    "fold": 2.7755575615628914e-17
  },
  "J3s": {
    "call": 0.7788033624526125,
    "raise": 0.22119663754738753,
    "fold": 0
  },
  "J2s": {
    "call": 0.8868393047179851,
    "raise": 0.11316069528201492,
    "fold": 0
  },
  "ATo": {
    "call": 1,
    "raise": 0,
    "fold": 0
  },
  "KTo": {
    "call": 1,
    "raise": 0,
    "fold": 0
  },
  "QTo": {
    "call": 1,
    "raise": 0,
    "fold": 0
  },
  "JTo": {
    "call": 1,
    "raise": 0,
    "fold": 0
  },
  "TT": {
    "call": 0,
    "raise": 1,
    "fold": 0
  },
  "T9s": {
    "call": 0.13416815742397137,
    "raise": 0.8658318425760286,
    "fold": 0
  },
  "T8s": {
    "call": 0.7563233592329311,
    "raise": 0.243676640767069,
    "fold": 0
  },
  "T7s": {
    "call": 1,
    "raise": 0,
    "fold": 0
  },
  "T6s": {
    "call": 0.8159750697064131,
    "raise": 0.18402493029358702,
    "fold": 0
  },
  "T5s": {
    "call": 0.5833615150490362,
    "raise": 0.41663848495096384,
    "fold": 0
  },
  "T4s": {
    "call": 0.5990550118123523,
    "raise": 0.4009449881876477,
    "fold": 0
  },
  "T3s": {
    "call": 0.5636548567553822,
    "raise": 0.4363451432446177,
    "fold": 1.1102230246251565e-16
  },
  "T2s": {
    "call": 0.6727394283804111,
    "raise": 0.3272605716195888,
    "fold": 5.551115123125783e-17
  },
  "A9o": {
    "call": 0.9956192751891677,
    "raise": 0.004380724810832338,
    "fold": 0
  },
  "K9o": {
    "call": 0.7731958762886598,
    "raise": 0.22680412371134023,
    "fold": 0
  },
  "Q9o": {
    "call": 0.7223513782796412,
    "raise": 0.27764862172035876,
    "fold": 0
  },
  "J9o": {
    "call": 0.7242467004233419,
    "raise": 0.2757532995766581,
    "fold": 0
  },
  "T9o": {
    "call": 0.8256274768824307,
    "raise": 0.17437252311756937,
    "fold": 0
  },
  "98s": {
    "call": 0.1473477406679764,
    "raise": 0.8526522593320236,
    "fold": 0
  },
  "97s": {
    "call": 0.7937160717223227,
    "raise": 0.20628392827767722,
    "fold": 5.551115123125783e-17
  },
  "96s": {
    "call": 1,
    "raise": 0,
    "fold": 0
  },
  "95s": {
    "call": 0.9763718023823472,
    "raise": 0.0236281976176528,
    "fold": 0
  },
  "94s": {
    "call": 0.8063067109873326,
    "raise": 0.19369328901266733,
    "fold": 2.7755575615628914e-17
  },
  "93s": {
    "call": 0.9199999999999999,
    "raise": 0.06380000000000001,
    "fold": 0.01620000000000006
  },
  "92s": {
    "call": 0,
    "raise": 0,
    "fold": 1
  },
  "A8o": {
    "call": 0.8920606601248885,
    "raise": 0.10793933987511152,
    "fold": 0
  },
  "K8o": {
    "call": 0.6554150263841193,
    "raise": 0.34458497361588075,
    "fold": 0
  },
  "Q8o": {
    "call": 0.49790580391486444,
    "raise": 0.5020941960851354,
    "fold": 1.1102230246251565e-16
  },
  "J8o": {
    "call": 0.43511976563846283,
    "raise": 0.5648802343615371,
    "fold": 0
  },
  "T8o": {
    "call": 0.6476901148654314,
    "raise": 0.3523098851345687,
    "fold": 0
  },
  "98o": {
    "call": 0.913575735428467,
    "raise": 0.08642426457153299,
    "fold": 0
  },
  "87s": {
    "call": 0.08675799086757992,
    "raise": 0.9132420091324202,
    "fold": 0
  },
  "86s": {
    "call": 1,
    "raise": 0,
    "fold": 0
  },
  "85s": {
    "call": 1,