{"22":{"call":0.2816,"raise":0,"fold":0.7183999999999999},"33":{"call":0.24420000000000003,"raise":0,"fold":0.7558},"44":{"call":0.29700000000000004,"raise":0.08652000000000001,"fold":0.6164799999999999},"55":{"call":0.36300000000000004,"raise":0.08034000000000001,"fold":0.55666},"66":{"call":0.5478000000000001,"raise":0.26574000000000003,"fold":0.1864599999999999},"77":{"call":0.7096,"raise":0.2904,"fold":0},"88":{"call":0.7019,"raise":0.2981,"fold":0},"99":{"call":0.6941,"raise":0.3059,"fold":0},"AA":{"call":0,"raise":1,"fold":0},"AKs":{"call":0,"raise":1,"fold":0},"AQs":{"call":0.1355,"raise":0.8645,"fold":0},"AJs":{"call":0.6902,"raise":0.3098,"fold":0},"ATs":{"call":0.793,"raise":0.207,"fold":0},"A9s":{"call":0.4017,"raise":0.5983,"fold":0},"A8s":{"call":0.2066,"raise":0.7934,"fold":0},"A7s":{"call":0.16940000000000002,"raise":0.57474,"fold":0.25586},"A6s":{"call":0.0946,"raise":0.10918,"fold":0.7962199999999999},"A5s":{"call":0.5124,"raise":0.4876,"fold":0},"A4s":{"call":0.4078,"raise":0.5922,"fold":0},"A3s":{"call":0.3631,"raise":0.6369,"fold":0},"A2s":{"call":0.05500000000000001,"raise":0.08652000000000001,"fold":0.8584799999999999},"AKo":{"call":0.0786,"raise":0.9214,"fold":0},"KK":{"call":0,"raise":1,"fold":0},"KQs":{"call":0.5979,"raise":0.4021,"fold":0},"KJs":{"call":0.4683,"raise":0.5317,"fold":0},"KTs":{"call":0.6117,"raise":0.3883,"fold":0},"K9s":{"call":0.3262,"raise":0.6738,"fold":0},"K8s":{"call":0,"raise":0.1236,"fold":0.8764},"K7s":{"call":0,"raise":0,"fold":1},"K6s":{"call":0.066,"raise":0,"fold":0.9339999999999999},"K5s":{"call":0,"raise":0,"fold":1},"K4s":{"call":0,"raise":0,"fold":1},"K3s":{"call":0,"raise":0,"fold":1},"K2s":{"call":0,"raise":0,"fold":1},"AQo":{"call":0.5124,"raise":0.4876,"fold":0},"KQo":{"call":0.3201,"raise":0.6799,"fold":0},"QQ":{"call":0.0257,"raise":0.9743,"fold":0},"QJs":{"call":0.5104,"raise":0.4896,"fold":0},"QTs":{"call":0.3365,"raise":0.6635,"fold":0},"Q9s":{"call":0,"raise":0.7107,"fold":0.2893},"Q8s":{"call":0,"raise":0,"fold":1},"Q7s":{"call":0,"raise":0,"fold":1},"Q6s":{"call":0,"raise":0,"fold":1},"Q5s":{"call":0,"raise":0,"fold":1},"Q4s":{"call":0,"raise":0,"fold":1},"Q3s":{"call":0,"raise":0,"fold":1},"Q2s":{"call":0,"raise":0,"fold":1},"AJo":{"call":0.22220000000000004,"raise":0.7065800000000001,"fold":0.07121999999999984},"KJo":{"call":0.0858,"raise":0.1957,"fold":0.7185},"QJo":{"call":0,"raise":0.0927,"fold":0.9073},"JJ":{"call":0.4563,"raise":0.5437,"fold":0},"JTs":{"call":0.4964,"raise":0.5036,"fold":0},"J9s":{"call":0.12100000000000001,"raise":0,"fold":0.879},"J8s":{"call":0,"raise":0,"fold":1},"J7s":{"call":0,"raise":0,"fold":1},"J6s":{"call":0,"raise":0,"fold":1},"J5s":{"call":0,"raise":0,"fold":1},"J4s":{"call":0,"raise":0,"fold":1},"J3s":{"call":0,"raise":0,"fold":1},"J2s":{"call":0,"raise":0,"fold":1},"ATo":{"call":0,"raise":0.09476,"fold":0.90524},"KTo":{"call":0,"raise":0,"fold":1},"QTo":{"call":0,"raise":0,"fold":1},"JTo":{"call":0,"raise":0,"fold":1},"TT":{"call":0.5622,"raise":0.4378,"fold":0},"T9s":{"call":0.385,"raise":0.28634000000000004,"fold":0.32865999999999995},"T8s":{"call":0,"raise":0,"fold":1},"T7s":{"call":0,"raise":0,"fold":1},"T6s":{"call":0,"raise":0,"fold":1},"T5s":{"call":0,"raise":0,"fold":1},"T4s":{"call":0,"raise":0,"fold":1},"T3s":{"call":0,"raise":0,"fold":1},"T2s":{"call":0,"raise":0,"fold":1},"A9o":{"call":0,"raise":0,"fold":1},"K9o":{"call":0,"raise":0,"fold":1},"Q9o":{"call":0,"raise":0,"fold":1},"J9o":{"call":0,"raise":0,"fold":1},"T9o":{"call":0,"raise":0,"fold":1},"98s":{"call":0.25300000000000006,"raise":0,"fold":0.7469999999999999},"97s":{"call":0.022000000000000002,"raise":0,"fold":0.978},"96s":{"call":0,"raise":0,"fold":1},"95s":{"call":0,"raise":0,"fold":1},"94s":{"call":0,"raise":0,"fold":1},"93s":{"call":0,"raise":0,"fold":1},"92s":{"call":0,"raise":0,"fold":1},"A8o":{"call":0,"raise":0,"fold":1},"K8o":{"call":0,"raise":0,"fold":1},"Q8o":{"call":0,"raise":0,"fold":1},"J8o":{"call":0,"raise":0,"fold":1},"T8o":{"call":0,"raise":0,"fold":1},"98o":{"call":0,"raise":0,"fold":1},"87s":{"call":0.2398,"raise":0.14626,"fold":0.6139399999999999},"86s":{"call":0.06380000000000001,"raise":0,"fold":0.9362},"85s":{"call":0,"raise":0,"fold":1},"84s":{"call":0,"raise":0,"fold":1},"83s":{"call":0,"raise":0,"fold":1},"82s":{"call":0,"raise":0,"fold":1},"A7o":{"call":0,"raise":0,"fold":1},"K7o":{"call":0,"raise":0,"fold":1},"Q7o":{"call":0,"raise":0,"fold":1},"J7o":{"call":0,"raise":0,"fold":1},"T7o":{"call":0,"raise":0,"fold":1},"97o":{"call":0,"raise":0,"fold":1},"87o":{"call":0,"raise":0,"fold":1},"76s":{"call":0.2288,"raise":0.21423999999999999,"fold":0.55696},"75s":{"call":0,"raise":0,"fold":1},"74s":{"call":0,"raise":0,"fold":1},"73s":{"call":0,"raise":0,"fold":1},"72s":{"call":0,"raise":0,"fold":1},"A6o":{"call":0,"raise":0,"fold":1},"K6o":{"call":0,"raise":0,"fold":1},"Q6o":{"call":0,"raise":0,"fold":1},"J6o":{"call":0,"raise":0,"fold":1},"T6o":{"call":0,"raise":0,"fold":1},"96o":{"call":0,"raise":0,"fold":1},"86o":{"call":0,"raise":0,"fold":1},"76o":{"call":0,"raise":0,"fold":1},"65s":{"call":0.1936,"raise":0.24514,"fold":0.56126},"64s":{"call":0,"raise":0,"fold":1},"63s":{"call":0,"raise":0,"fold":1},"62s":{"call":0,"raise":0,"fold":1},"A5o":{"call":0,"raise":0,"fold":1},"K5o":{"call":0,"raise":0,"fold":1},"Q5o":{"call":0,"raise":0,"fold":1},"J5o":{"call":0,"raise":0,"fold":1},"T5o":{"call":0,"raise":0,"fold":1},"95o":{"call":0,"raise":0,"fold":1},"85o":{"call":0,"raise":0,"fold":1},"75o":{"call":0,"raise":0,"fold":1},"65o":{"call":0,"raise":0,"fold":1},"54s":{"call":0.30360000000000004,"raise":0.33784000000000003,"fold":0.3585599999999999},"53s":{"call":0,"raise":0,"fold":1},"52s":{"call":0,"raise":0,"fold":1},"A4o":{"call":0,"raise":0,"fold":1},"K4o":{"call":0,"raise":0,"fold":1},"Q4o":{"call":0,"raise":0,"fold":1},"J4o":{"call":0,"raise":0,"fold":1},"T4o":{"call":0,"raise":0,"fold":1},"94o":{"call":0,"raise":0,"fold":1},"84o":{"call":0,"raise":0,"fold":1},"74o":{"call":0,"raise":0,"fold":1},"64o":{"call":0,"raise":0,"fold":1},"54o":{"call":0,"raise":0,"fold":1},"43s":{"call":0,"raise":0,"fold":1},"42s":{"call":0,"raise":0,"fold":1},"A3o":{"call":0,"raise":0,"fold":1},"K3o":{"call":0,"raise":0,"fold":1},"Q3o":{"call":0,"raise":0,"fold":1},"J3o":{"call":0,"raise":0,"fold":1},"T3o":{"call":0,"raise":0,"fold":1},"93o":{"call":0,"raise":0,"fold":1},"83o":{"call":0,"raise":0,"fold":1},"73o":{"call":0,"raise":0,"fold":1},"63o":{"call":0,"raise":0,"fold":1},"53o":{"call":0,"raise":0,"fold":1},"43o":{"call":0,"raise":0,"fold":1},"32s":{"call":0,"raise":0,"fold":1},"A2o":{"call":0,"raise":0,"fold":1},"K2o":{"call":0,"raise":0,"fold":1},"Q2o":{"call":0,"raise":0,"fold":1},"J2o":{"call":0,"raise":0,"fold":1},"T2o":{"call":0,"raise":0,"fold":1},"92o":{"call":0,"raise":0,"fold":1},"82o":{"call":0,"raise":0,"fold":1},"72o":{"call":0,"raise":0,"fold":1},"62o":{"call":0,"raise":0,"fold":1},"52o":{"call":0,"raise":0,"fold":1},"42o":{"call":0,"raise":0,"fold":1},"32o":{"call":0,"raise":0,"fold":1}}
