{
  "22": {
    "call": 0.2816,
    "raise": 0,
    "fold": 0.7183999999999999
  },
  "33": {
    "call": 0.24420000000000003,
    "raise": 0,
    "fold": 0.7558
  },
  "44": {
    "call": 0.29700000000000004,
    "raise": 0.08652000000000001,
    "fold": 0.6164799999999999
  },
  "55": {
    "call": 0.36300000000000004,
    "raise": 0.08034000000000001,
    "fold": 0.55666
  },
  "66": {
    "call": 0.5478000000000001,
    "raise": 0.26574000000000003,
    "fold": 0.1864599999999999
  },
  "77": {
    "call": 0.7095677700954074,
    "raise": 0.29043222990459266,
    "fold": 0
  },
  "88": {
    "call": 0.7019366327817764,
    "raise": 0.2980633672182237,
    "fold": 0
  },
  "99": {
    "call": 0.6941351150705272,
    "raise": 0.3058648849294729,
    "fold": 0
  },
  "AA": {
    "call": 0,
    "raise": 1,
    "fold": 0
  },
  "AKs": {
    "call": 0,
    "raise": 1,
    "fold": 0
  },
  "AQs": {
    "call": 0.1355201355201355,
    "raise": 0.8644798644798645,
    "fold": 0
  },
  "AJs": {
    "call": 0.6902313147439944,
    "raise": 0.3097686852560056,
    "fold": 5.551115123125783e-17
  },
  "ATs": {
    "call": 0.793001087818279,
    "raise": 0.20699891218172098,
    "fold": 0
  },
  "A9s": {
    "call": 0.401695332160224,
    "raise": 0.5983046678397759,
    "fold": 1.1102230246251565e-16
  },
  "A8s": {
    "call": 0.20656881155865559,
    "raise": 0.7934311884413445,
    "fold": 0
  },
  "A7s": {
    "call": 0.16940000000000002,
    "raise": 0.57474,
    "fold": 0.25586
  },
  "A6s": {
    "call": 0.0946,
    "raise": 0.10918,
    "fold": 0.7962199999999999
  },
  "A5s": {
    "call": 0.5124351942294688,
    "raise": 0.4875648057705312,
    "fold": 0
  },
  "A4s": {
    "call": 0.40777727341504005,
    "raise": 0.5922227265849598,
    "fold": 2.220446049250313e-16
  },
  "A3s": {
    "call": 0.3630638491596798,
    "raise": 0.6369361508403203,
    "fold": 0
  },
  "A2s": {
    "call": 0.05500000000000001,
    "raise": 0.08652000000000001,
    "fold": 0.8584799999999999
  },
  "AKo": {
    "call": 0.0786336675747213,
    "raise": 0.9213663324252788,
    "fold": 0
  },
  "KK": {
    "call": 0,
    "raise": 1,
    "fold": 0
  },
  "KQs": {
    "call": 0.597904253133347,
    "raise": 0.40209574686665295,
    "fold": 0
  },
  "KJs": {
    "call": 0.4683320146188915,
    "raise": 0.5316679853811085,
    "fold": 0
  },
  "KTs": {
    "call": 0.611726943604673,
    "raise": 0.38827305639532717,
    "fold": 0
  },
  "K9s": {
    "call": 0.3261534929986992,
    "raise": 0.6738465070013008,
    "fold": 0
  },
  "K8s": {
    "call": 0,
    "raise": 0.1236,
    "fold": 0.8764
  },
  "K7s": {
    "call": 0,
    "raise": 0,
    "fold": 1
  },
  "K6s": {
    "call": 0.066,
    "raise": 0,
    "fold": 0.9339999999999999
  },
  "K5s": {
    "call": 0,
    "raise": 0,
    "fold": 1
  },
  "K4s": {
    "call": 0,
    "raise": 0,
    "fold": 1
  },
  "K3s": {
    "call": 0,
    "raise": 0,
    "fold": 1
  },
  "K2s": {
    "call": 0,
    "raise": 0,
    "fold": 1
  },
  "AQo": {
    "call": 0.5124351942294688,
    "raise": 0.4875648057705312,
    "fold": 0
  },
  "KQo": {
    "call": 0.32013847938977763,
    "raise": 0.6798615206102223,
    "fold": 0
  },
  "QQ": {
    "call": 0.02572096648480125,
    "raise": 0.9742790335151987,
    "fold": 0
  },
  "QJs": {
    "call": 0.5104360405042365,
    "raise": 0.48956395949576365,
    "fold": 0
  },
  "QTs": {
    "call": 0.33651927717711444,
    "raise": 0.6634807228228856,
    "fold": 0
  },
  "Q9s": {
    "call": 0,
    "raise": 0.7107,
    "fold": 0.2893
  },
  "Q8s": {
    "call": 0,
    "raise": 0,
    "fold": 1
  },
  "Q7s": {
    "call": 0,
    "raise": 0,
    "fold": 1
  },
  "Q6s": {
    "call": 0,
    "raise": 0,
    "fold": 1
  },
  "Q5s": {
    "call": 0,
    "raise": 0,
    "fold": 1
  },
  "Q4s": {
    "call": 0,
    "raise": 0,
    "fold": 1
  },
  "Q3s": {
    "call": 0,
    "raise": 0,
    "fold": 1
  },
  "Q2s": {
    "call": 0,
    "raise": 0,
    "fold": 1
  },
  "AJo": {
    "call": 0.22220000000000004,
    "raise": 0.7065800000000001,
    "fold": 0.07121999999999984
  },
  "KJo": {
    "call": 0.0858,
    "raise": 0.1957,
    "fold": 0.7185
  },
  "QJo": {
    "call": 0,
    "raise": 0.0927,
    "fold": 0.9073
  },
  "JJ": {
    "call": 0.4562594268476621,
    "raise": 0.5437405731523378,
    "fold": 1.1102230246251565e-16
  },
  "JTs": {
    "call": 0.49642722828130875,
    "raise": 0.5035727717186913,
    "fold": 0
  },
  "J9s": {
    "call": 0.12100000000000001,
    "raise": 0,
    "fold": 0.879
  },
  "J8s": {
    "call": 0,
    "raise": 0,
    "fold": 1
  },
  "J7s": {
    "call": 0,
    "raise": 0,
    "fold": 1
  },
  "J6s": {
    "call": 0,
    "raise": 0,
    "fold": 1
  },
  "J5s": {
    "call": 0,
    "raise": 0,
    "fold": 1
  },
  "J4s": {
    "call": 0,
    "raise": 0,
    "fold": 1
  },
  "J3s": {
    "call": 0,
    "raise": 0,
    "fold": 1
  },
  "J2s": {
    "call": 0,
    "raise": 0,
    "fold": 1
  },
  "ATo": {
    "call": 0,
    "raise": 0.09476,
    "fold": 0.90524
  },
  "KTo": {
    "call": 0,
    "raise": 0,
    "fold": 1
  },
  "QTo": {
    "call": 0,
    "raise": 0,
    "fold": 1
  },
  "JTo": {
    "call": 0,
    "raise": 0,
    "fold": 1
  },
  "TT": {
    "call": 0.562243732564453,
    "raise": 0.43775626743554696,
    "fold": 0
  },
  "T9s": {
    "call": 0.385,
    "raise": 0.28634000000000004,
    "fold": 0.32865999999999995
  },
  "T8s": {
    "call": 0,
    "raise": 0,
    "fold": 1
  },
  "T7s": {
    "call": 0,
    "raise": 0,
    "fold": 1
  },
  "T6s": {
    "call": 0,
    "raise": 0,
    "fold": 1
  },
  "T5s": {
    "call": 0,
    "raise": 0,
    "fold": 1
  },
  "T4s": {
    "call": 0,
    "raise": 0,
    "fold": 1
  },
  "T3s": {
    "call": 0,
    "raise": 0,
    "fold": 1
  },
  "T2s": {
    "call": 0,
    "raise": 0,
    "fold": 1
  },
  "A9o": {
    "call": 0,
    "raise": 0,
    "fold": 1
  },
  "K9o": {
    "call": 0,
    "raise": 0,
    "fold": 1
  },
  "Q9o": {
    "call": 0,
    "raise": 0,
    "fold": 1
  },
  "J9o": {
    "call": 0,
    "raise": 0,
    "fold": 1
  },
  "T9o": {
    "call": 0,
    "raise": 0,
    "fold": 1
  },
  "98s": {
    "call": 0.25300000000000006,
    "raise": 0,
    "fold": 0.7469999999999999
  },
  "97s": {
    "call": 0.022000000000000002,
    "raise": 0,
    "fold": 0.978
  },
  "96s": {
    "call": 0,
    "raise": 0,
    "fold": 1
  },
  "95s": {
    "call": 0,
    "raise": 0,
    "fold": 1
  },
  "94s": {
    "call": 0,
    "raise": 0,
    "fold": 1
  },
  "93s": {
    "call": 0,
    "raise": 0,
    "fold": 1
  },
  "92s": {
    "call": 0,
    "raise": 0,
    "fold": 1
  },
  "A8o": {
    "call": 0,
    "raise": 0,
    "fold": 1
  },
  "K8o": {
    "call": 0,
    "raise": 0,
    "fold": 1
  },
  "Q8o": {
    "call": 0,
    "raise": 0,
    "fold": 1
  },
  "J8o": {
    "call": 0,
    "raise": 0,
    "fold": 1
  },
  "T8o": {
    "call": 0,
    "raise": 0,
    "fold": 1
  },
  "98o": {
    "call": 0,
    "raise": 0,
    "fold": 1
  },
  "87s": {
    "call": 0.2398,
    "raise": 0.14626,
    "fold": 0.6139399999999999
  },
  "86s": {
    "call": 0.06380000000000001,
    "raise": 0,
    "fold": 0.9362
  },
  "85s": {
    "call": 0,
    "raise": 0,
    "fold": 1
  },
  "84s": {
    "call": 0,
    "raise": 0,
    "fold": 1
  },
  "83s": {
    "call": 0,
    "raise": 0,
    "fold": 1
  },
  "82s": {
    "call": 0,
    "raise": 0,
    "fold": 1
  },
  "A7o": {
    "call": 0,
    "raise": 0,
    "fold": 1
  },
  "K7o": {
    "call": 0,
    "raise": 0,
    "fold": 1
  },
  "Q7o": {
    "call": 0,
    "raise": 0,
    "fold": 1
  },
  "J7o": {
    "call": 0,
    "raise": 0,
    "fold": 1
  },
  "T7o": {
    "call": 0,
    "raise": 0,
    "fold": 1
  },
  "97o": {
    "call": 0,
    "raise": 0,
    "fold": 1
  },
  "87o": {
    "call": 0,
    "raise": 0,
    "fold": 1
  },
  "76s": {
    "call": 0.2288,
    "raise": 0.21423999999999999,
    "fold": 0.55696
  },
  "75s": {
    "call": 0,
    "raise": 0,
    "fold": 1
  },