{"22":{"call":1,"raise":0,"fold":0},"33":{"call":1,"raise":0,"fold":0},"44":{"call":1,"raise":0.004200000000000001,"fold":0},"55":{"call":0.9597,"raise":0.0403,"fold":0},"66":{"call":0.9189,"raise":0.0811,"fold":0},"77":{"call":0.9482,"raise":0.0518,"fold":0},"88":{"call":0.9261,"raise":0.0739,"fold":0},"99":{"call":0.9334,"raise":0.0666,"fold":0},"AA":{"call":0,"raise":1,"fold":0},"AKs":{"call":0,"raise":1,"fold":0},"AQs":{"call":0.1428,"raise":0.8572,"fold":0},"AJs":{"call":0.5783,"raise":0.4217,"fold":0},"ATs":{"call":0.602,"raise":0.398,"fold":0},"A9s":{"call":0.9734,"raise":0.0266,"fold":0},"A8s":{"call":0.7971,"raise":0.2029,"fold":0},"A7s":{"call":0.8123,"raise":0.1877,"fold":0},"A6s":{"call":0.7781,"raise":0.2219,"fold":0},"A5s":{"call":0.6373,"raise":0.3627,"fold":0},"A4s":{"call":0.6685,"raise":0.3315,"fold":0},"A3s":{"call":0.8009,"raise":0.1991,"fold":0},"A2s":{"call":0.9243,"raise":0.0757,"fold":0},"AKo":{"call":0.2465,"raise":0.7535,"fold":0},"KK":{"call":0,"raise":1,"fold":0},"KQs":{"call":0.0718,"raise":0.9282,"fold":0},"KJs":{"call":0.2549,"raise":0.7451,"fold":0},"KTs":{"call":0.6626,"raise":0.3374,"fold":0},"K9s":{"call":0.9315,"raise":0.0685,"fold":0},"K8s":{"call":0.9426,"raise":0.0574,"fold":0},"K7s":{"call":0.8725,"raise":0.1275,"fold":0},"K6s":{"call":0.8462,"raise":0.1538,"fold":0},"K5s":{"call":0.8462,"raise":0.1538,"fold":0},"K4s":{"call":0.8368,"raise":0.1632,"fold":0},"K3s":{"call":0.7083999999999999,"raise":0,"fold":0.2916000000000001},"K2s":{"call":0.598,"raise":0,"fold":0.402},"AQo":{"call":0.9636,"raise":0.0364,"fold":0},"KQo":{"call":0.9315,"raise":0.0685,"fold":0},"QQ":{"call":0,"raise":1,"fold":0},"QJs":{"call":0.1299,"raise":0.8701,"fold":0},"QTs":{"call":0.5307,"raise":0.4693,"fold":0},"Q9s":{"call":0.7533,"raise":0.2467,"fold":0},"Q8s":{"call":0.8425,"raise":0.1575,"fold":0},"Q7s":{"call":0.6969,"raise":0,"fold":0.30310000000000004},"Q6s":{"call":0.6646999999999998,"raise":0,"fold":0.33530000000000015},"Q5s":{"call":0.5014,"raise":0,"fold":0.49860000000000004},"Q4s":{"call":0.1495,"raise":0,"fold":0.8505},"Q3s":{"call":0,"raise":0,"fold":1},"Q2s":{"call":0,"raise":0,"fold":1},"AJo":{"call":0.9896,"raise":0.0104,"fold":0},"KJo":{"call":0.9774999999999999,"raise":0,"fold":0.022500000000000075},"QJo":{"call":0.6623999999999999,"raise":0,"fold":0.3376000000000001},"JJ":{"call":0.6079,"raise":0.3921,"fold":0},"JTs":{"call":0.736,"raise":0.264,"fold":0},"J9s":{"call":0.8575,"raise":0.1425,"fold":0},"J8s":{"call":0.9119,"raise":0.0881,"fold":0},"J7s":{"call":0.11729999999999999,"raise":0,"fold":0.8827},"J6s":{"call":0,"raise":0,"fold":1},"J5s":{"call":0,"raise":0,"fold":1},"J4s":{"call":0,"raise":0,"fold":1},"J3s":{"call":0,"raise":0,"fold":1},"J2s":{"call":0,"raise":0,"fold":1},"ATo":{"call":0.9426,"raise":0.0574,"fold":0},"KTo":{"call":0.1955,"raise":0,"fold":0.8045},"QTo":{"call":0.391,"raise":0,"fold":0.609},"JTo":{"call":0.368,"raise":0,"fold":0.632},"TT":{"call":0.8123,"raise":0.1877,"fold":0},"T9s":{"call":0.8009,"raise":0.1991,"fold":0},"T8s":{"call":0.8612,"raise":0.1388,"fold":0},"T7s":{"call":0.9835,"raise":0.0165,"fold":0},"T6s":{"call":0.1127,"raise":0,"fold":0.8873},"T5s":{"call":0,"raise":0,"fold":1},"T4s":{"call":0,"raise":0,"fold":1},"T3s":{"call":0,"raise":0,"fold":1},"T2s":{"call":0,"raise":0,"fold":1},"A9o":{"call":0,"raise":0,"fold":1},"K9o":{"call":0,"raise":0,"fold":1},"Q9o":{"call":0,"raise":0,"fold":1},"J9o":{"call":0,"raise":0,"fold":1},"T9o":{"call":0.043699999999999996,"raise":0,"fold":0.9563},"98s":{"call":0.9137,"raise":0.0863,"fold":0},"97s":{"call":0.9426,"raise":0.0574,"fold":0},"96s":{"call":1,"raise":0,"fold":0},"95s":{"call":0.11499999999999999,"raise":0,"fold":0.885},"94s":{"call":0,"raise":0,"fold":1},"93s":{"call":0,"raise":0,"fold":1},"92s":{"call":0,"raise":0,"fold":1},"A8o":{"call":0,"raise":0,"fold":1},"K8o":{"call":0,"raise":0,"fold":1},"Q8o":{"call":0,"raise":0,"fold":1},"J8o":{"call":0,"raise":0,"fold":1},"T8o":{"call":0,"raise":0,"fold":1},"98o":{"call":0,"raise":0,"fold":1},"87s":{"call":0.7914,"raise":0.2086,"fold":0},"86s":{"call":0.8998,"raise":0.1002,"fold":0},"85s":{"call":0.8602,"raise":0,"fold":0.13980000000000004},"84s":{"call":0,"raise":0,"fold":1},"83s":{"call":0,"raise":0,"fold":1},"82s":{"call":0,"raise":0,"fold":1},"A7o":{"call":0,"raise":0,"fold":1},"K7o":{"call":0,"raise":0,"fold":1},"Q7o":{"call":0,"raise":0,"fold":1},"J7o":{"call":0,"raise":0,"fold":1},"T7o":{"call":0,"raise":0,"fold":1},"97o":{"call":0,"raise":0,"fold":1},"87o":{"call":0,"raise":0,"fold":1},"76s":{"call":0.7418,"raise":0.2582,"fold":0},"75s":{"call":0.8443,"raise":0.1557,"fold":0},"74s":{"call":0.6853999999999999,"raise":0,"fold":0.3146000000000001},"73s":{"call":0,"raise":0,"fold":1},"72s":{"call":0,"raise":0,"fold":1},"A6o":{"call":0,"raise":0,"fold":1},"K6o":{"call":0,"raise":0,"fold":1},"Q6o":{"call":0,"raise":0,"fold":1},"J6o":{"call":0,"raise":0,"fold":1},"T6o":{"call":0,"raise":0,"fold":1},"96o":{"call":0,"raise":0,"fold":1},"86o":{"call":0,"raise":0,"fold":1},"76o":{"call":0,"raise":0,"fold":1},"65s":{"call":0.682,"raise":0.318,"fold":0},"64s":{"call":0.8104,"raise":0.1896,"fold":0},"63s":{"call":0.6485999999999998,"raise":0,"fold":0.35140000000000016},"62s":{"call":0,"raise":0,"fold":1},"A5o":{"call":0,"raise":0,"fold":1},"K5o":{"call":0,"raise":0,"fold":1},"Q5o":{"call":0,"raise":0,"fold":1},"J5o":{"call":0,"raise":0,"fold":1},"T5o":{"call":0,"raise":0,"fold":1},"95o":{"call":0,"raise":0,"fold":1},"85o":{"call":0,"raise":0,"fold":1},"75o":{"call":0,"raise":0,"fold":1},"65o":{"call":0,"raise":0,"fold":1},"54s":{"call":0.6956,"raise":0.3044,"fold":0},"53s":{"call":0.8575,"raise":0.1425,"fold":0},"52s":{"call":0.6348,"raise":0,"fold":0.36519999999999997},"A4o":{"call":0,"raise":0,"fold":1},"K4o":{"call":0,"raise":0,"fold":1},"Q4o":{"call":0,"raise":0,"fold":1},"J4o":{"call":0,"raise":0,"fold":1},"T4o":{"call":0,"raise":0,"fold":1},"94o":{"call":0,"raise":0,"fold":1},"84o":{"call":0,"raise":0,"fold":1},"74o":{"call":0,"raise":0,"fold":1},"64o":{"call":0,"raise":0,"fold":1},"54o":{"call":0,"raise":0,"fold":1},"43s":{"call":0.9297,"raise":0.0703,"fold":0},"42s":{"call":0.6026,"raise":0,"fold":0.3974},"A3o":{"call":0,"raise":0,"fold":1},"K3o":{"call":0,"raise":0,"fold":1},"Q3o":{"call":0,"raise":0,"fold":1},"J3o":{"call":0,"raise":0,"fold":1},"T3o":{"call":0,"raise":0,"fold":1},"93o":{"call":0,"raise":0,"fold":1},"83o":{"call":0,"raise":0,"fold":1},"73o":{"call":0,"raise":0,"fold":1},"63o":{"call":0,"raise":0,"fold":1},"53o":{"call":0,"raise":0,"fold":1},"43o":{"call":0,"raise":0,"fold":1},"32s":{"call":0.1495,"raise":0,"fold":0.8505},"A2o":{"call":0,"raise":0,"fold":1},"K2o":{"call":0,"raise":0,"fold":1},"Q2o":{"call":0,"raise":0,"fold":1},"J2o":{"call":0,"raise":0,"fold":1},"T2o":{"call":0,"raise":0,"fold":1},"92o":{"call":0,"raise":0,"fold":1},"82o":{"call":0,"raise":0,"fold":1},"72o":{"call":0,"raise":0,"fold":1},"62o":{"call":0,"raise":0,"fold":1},"52o":{"call":0,"raise":0,"fold":1},"42o":{"call":0,"raise":0,"fold":1},"32o":{"call":0,"raise":0,"fold":1}}
