{
  "22": {
    "call": 0.2816,
    "raise": 0,
    "fold": 0.7183999999999999
  },
  "33": {
    "call": 0.24420000000000003,
    "raise": 0,
    "fold": 0.7558
  },
  "44": {
    "call": 0.29700000000000004,
    "raise": 0.08652000000000001,
    "fold": 0.6164799999999999
  },
  "55": {
    "call": 0.36300000000000004,
    "raise": 0.08034000000000001,
    "fold": 0.55666
  },
  "66": {
    "call": 0.5478000000000001,
    "raise": 0.26574000000000003,
    "fold": 0.1864599999999999
  },
  "77": {
    "call": 0.7348000000000001,
    "raise": 0.30075999999999997,
    "fold": 0
  },
  "88": {
    "call": 0.7568,
    "raise": 0.32136000000000003,
    "fold": 0
  },
  "99": {
    "call": 0.7480000000000001,
    "raise": 0.3296,
    "fold": 0
  },
  "AA": {
    "call": 0,
    "raise": 1,
    "fold": 0
  },
  "AKs": {
    "call": 0,
    "raise": 1,
    "fold": 0
  },
  "AQs": {
    "call": 0.1408,
    "raise": 0.8981600000000001,
    "fold": 0
  },
  "AJs": {
    "call": 0.7436000000000001,
    "raise": 0.33372,
    "fold": 0
  },
  "ATs": {
    "call": 0.8602000000000001,
    "raise": 0.22454000000000002,
    "fold": 0
  },
  "A9s": {
    "call": 0.42460000000000003,
    "raise": 0.63242,
    "fold": 0
  },
  "A8s": {
    "call": 0.2156,
    "raise": 0.8281200000000001,
    "fold": 0
  },
  "A7s": {
    "call": 0.16940000000000002,
    "raise": 0.57474,
    "fold": 0.25586
  },
  "A6s": {
    "call": 0.0946,
    "raise": 0.10918,
    "fold": 0.7962199999999999
  },
  "A5s": {
    "call": 0.5456000000000001,
    "raise": 0.51912,
    "fold": 0
  },
  "A4s": {
    "call": 0.4312,
    "raise": 0.62624,
    "fold": 0
  },
  "A3s": {
    "call": 0.38280000000000003,
    "raise": 0.67156,
    "fold": 0
  },
  "A2s": {
    "call": 0.05500000000000001,
    "raise": 0.08652000000000001,
    "fold": 0.8584799999999999
  },
  "AKo": {
    "call": 0.0814,
    "raise": 0.9537800000000001,
    "fold": 0
  },
  "KK": {
    "call": 0,
    "raise": 1,
    "fold": 0
  },
  "KQs": {
    "call": 0.6402,
    "raise": 0.43054,
    "fold": 0
  },
  "KJs": {
    "call": 0.49720000000000003,
    "raise": 0.56444,
    "fold": 0
  },
  "KTs": {
    "call": 0.6556000000000001,
    "raise": 0.41612000000000005,
    "fold": 0
  },
  "K9s": {
    "call": 0.341,
    "raise": 0.70452,
    "fold": 0
  },
  "K8s": {
    "call": 0,
    "raise": 0.1236,
    "fold": 0.8764
  },
  "K7s": {
    "call": 0,
    "raise": 0,
    "fold": 1
  },
  "K6s": {
    "call": 0.066,
    "raise": 0,
    "fold": 0.9339999999999999
  },
  "K5s": {
    "call": 0,
    "raise": 0,
    "fold": 1
  },
  "K4s": {
    "call": 0,
    "raise": 0,
    "fold": 1
  },
  "K3s": {
    "call": 0,
    "raise": 0,
    "fold": 1
  },
  "K2s": {
    "call": 0,
    "raise": 0,
    "fold": 1
  },
  "AQo": {
    "call": 0.5456000000000001,
    "raise": 0.51912,
    "fold": 0
  },
  "KQo": {
    "call": 0.3366,
    "raise": 0.71482,
    "fold": 0
  },
  "QQ": {
    "call": 0.026400000000000003,
    "raise": 1,
    "fold": 0
  },
  "QJs": {
    "call": 0.5434,
    "raise": 0.52118,
    "fold": 0
  },
  "QTs": {
    "call": 0.3542,
    "raise": 0.6983400000000001,
    "fold": 0
  },
  "Q9s": {
    "call": 0,
    "raise": 0.7107,
    "fold": 0.2893
  },
  "Q8s": {
    "call": 0,
    "raise": 0,
    "fold": 1
  },
  "Q7s": {
    "call": 0,
    "raise": 0,
    "fold": 1
  },
  "Q6s": {
    "call": 0,
    "raise": 0,
    "fold": 1
  },
  "Q5s": {
    "call": 0,
    "raise": 0,
    "fold": 1
  },
  "Q4s": {
    "call": 0,
    "raise": 0,
    "fold": 1
  },
  "Q3s": {
    "call": 0,
    "raise": 0,
    "fold": 1
  },
  "Q2s": {
    "call": 0,
    "raise": 0,
    "fold": 1
  },
  "AJo": {
    "call": 0.22220000000000004,
    "raise": 0.7065800000000001,
    "fold": 0.07121999999999984
  },
  "KJo": {
    "call": 0.0858,
    "raise": 0.1957,
    "fold": 0.7185
  },
  "QJo": {
    "call": 0,
    "raise": 0.0927,
    "fold": 0.9073
  },
  "JJ": {
    "call": 0.48400000000000004,
    "raise": 0.5768000000000001,
    "fold": 0
  },
  "JTs": {
    "call": 0.528,
    "raise": 0.5356000000000001,
    "fold": 0
  },
  "J9s": {
    "call": 0.12100000000000001,
    "raise": 0,
    "fold": 0.879
  },
  "J8s": {
    "call": 0,
    "raise": 0,
    "fold": 1
  },
  "J7s": {
    "call": 0,
    "raise": 0,
    "fold": 1
  },
  "J6s": {
    "call": 0,
    "raise": 0,
    "fold": 1
  },
  "J5s": {
    "call": 0,
    "raise": 0,
    "fold": 1
  },
  "J4s": {
    "call": 0,
    "raise": 0,
    "fold": 1
  },
  "J3s": {
    "call": 0,
    "raise": 0,
    "fold": 1
  },
  "J2s": {
    "call": 0,
    "raise": 0,
    "fold": 1
  },
  "ATo": {
    "call": 0,
    "raise": 0.09476,
    "fold": 0.90524
  },
  "KTo": {
    "call": 0,
    "raise": 0,
    "fold": 1
  },
  "QTo": {
    "call": 0,
    "raise": 0,
    "fold": 1
  },
  "JTo": {
    "call": 0,
    "raise": 0,
    "fold": 1
  },
  "TT": {
    "call": 0.6006000000000001,
    "raise": 0.46762000000000004,
    "fold": 0
  },
  "T9s": {
    "call": 0.385,
    "raise": 0.28634000000000004,
    "fold": 0.32865999999999995
  },
  "T8s": {
    "call": 0,
    "raise": 0,
    "fold": 1
  },
  "T7s": {
    "call": 0,
    "raise": 0,
    "fold": 1
  },
  "T6s": {
    "call": 0,
    "raise": 0,
    "fold": 1
  },
  "T5s": {
    "call": 0,
    "raise": 0,
    "fold": 1
  },
  "T4s": {
    "call": 0,
    "raise": 0,
    "fold": 1
  },
  "T3s": {
    "call": 0,
    "raise": 0,
    "fold": 1
  },
  "T2s": {
    "call": 0,
    "raise": 0,
    "fold": 1
  },
  "A9o": {
    "call": 0,
    "raise": 0,
    "fold": 1
  },
  "K9o": {
    "call": 0,
    "raise": 0,
    "fold": 1
  },
  "Q9o": {
    "call": 0,
    "raise": 0,
    "fold": 1
  },
  "J9o": {
    "call": 0,
    "raise": 0,
    "fold": 1
  },
  "T9o": {
    "call": 0,
    "raise": 0,
    "fold": 1
  },
  "98s": {
    "call": 0.25300000000000006,
    "raise": 0,
    "fold": 0.7469999999999999
  },
  "97s": {
    "call": 0.022000000000000002,
    "raise": 0,
    "fold": 0.978
  },
  "96s": {
    "call": 0,
    "raise": 0,
    "fold": 1
  },
  "95s": {
    "call": 0,
    "raise": 0,
    "fold": 1
  },
  "94s": {
    "call": 0,
    "raise": 0,
    "fold": 1
  },
  "93s": {
    "call": 0,
    "raise": 0,
    "fold": 1
  },
  "92s": {
    "call": 0,
    "raise": 0,
    "fold": 1
  },
  "A8o": {
    "call": 0,
    "raise": 0,
    "fold": 1
  },
  "K8o": {
    "call": 0,
    "raise": 0,
    "fold": 1
  },
  "Q8o": {
    "call": 0,
    "raise": 0,
    "fold": 1
  },
  "J8o": {
    "call": 0,
    "raise": 0,
    "fold": 1
  },
  "T8o": {
    "call": 0,
    "raise": 0,
    "fold": 1
  },
  "98o": {
    "call": 0,
    "raise": 0,
    "fold": 1
  },
  "87s": {
    "call": 0.2398,
    "raise": 0.14626,
    "fold": 0.6139399999999999
  },
  "86s": {
    "call": 0.06380000000000001,
    "raise": 0,
    "fold": 0.9362
  },
  "85s": {
    "call": 0,
    "raise": 0,
    "fold": 1
  },
  "84s": {
    "call": 0,
    "raise": 0,
    "fold": 1
  },
  "83s": {
    "call": 0,
    "raise": 0,
    "fold": 1
  },
  "82s": {
    "call": 0,
    "raise": 0,
    "fold": 1
  },
  "A7o": {
    "call": 0,
    "raise": 0,
    "fold": 1
  },
  "K7o": {
    "call": 0,
    "raise": 0,
    "fold": 1
  },
  "Q7o": {
    "call": 0,
    "raise": 0,
    "fold": 1
  },
  "J7o": {
    "call": 0,
    "raise": 0,
    "fold": 1
  },
  "T7o": {
    "call": 0,
    "raise": 0,
    "fold": 1
  },
  "97o": {
    "call": 0,
    "raise": 0,
    "fold": 1
  },
  "87o": {
    "call": 0,
    "raise": 0,
    "fold": 1
  },
  "76s": {
    "call": 0.2288,
    "raise": 0.21423999999999999,
    "fold": 0.55696
  },
  "75s": {
    "call": 0,
    "raise": 0,
    "fold": 1
  },
  "74s": {
    "call": 0,
    "raise": 0,
    "fold": 1
  },
  "73s": {
    "call": 0,
    "raise": 0,
    "fold": 1
  },
  "72s": {
    "call": 0,
    "raise": 0,
    "fold": 1
  },
  "A6o": {
    "call": 0,
    "raise": 0,
    "fold": 1
  },
  "K6o": {
    "call": 0,
    "raise": 0,
    "fold": 1
  },
  "Q6o": {
    "call": 0,
    "raise": 0,
    "fold": 1
  },