{
  "22": {
    "call": 1,
    "raise": 0,
    "fold": 0
  },
  "33": {
    "call": 1,
    "raise": 0,
    "fold": 0
  },
  "44": {
    "call": 1,
    "raise": 0,
    "fold": 0
  },
  "55": {
    "call": 1,
    "raise": 0.12760000000000002,
    "fold": 0
  },
  "66": {
    "call": 0.915,
    "raise": 0.29480000000000006,
    "fold": 0
  },
  "77": {
    "call": 0.8275,
    "raise": 0.3718000000000001,
    "fold": 0
  },
  "88": {
    "call": 0.5325,
    "raise": 0.6314,
    "fold": 0
  },
  "99": {
    "call": 0.2,
    "raise": 0.924,
    "fold": 0
  },
  "AA": {
    "call": 0,
    "raise": 1,
    "fold": 0
  },
  "AKs": {
    "call": 0,
    "raise": 1,
    "fold": 0
  },
  "AQs": {
    "call": 0,
    "raise": 1,
    "fold": 0
  },
  "AJs": {
    "call": 0,
    "raise": 1,
    "fold": 0
  },
  "ATs": {
    "call": 0.005,
    "raise": 1,
    "fold": 0
  },
  "A9s": {
    "call": 1,
    "raise": 0.1386,
    "fold": 0
  },
  "A8s": {
    "call": 0.9299999999999999,
    "raise": 0.2816,
    "fold": 0
  },
  "A7s": {
    "call": 1,
    "raise": 0.132,
    "fold": 0
  },
  "A6s": {
    "call": 1,
    "raise": 0,
    "fold": 0
  },
  "A5s": {
    "call": 0,
    "raise": 1,
    "fold": 0
  },
  "A4s": {
    "call": 0.22999999999999998,
    "raise": 0.8976000000000001,
    "fold": 0
  },
  "A3s": {
    "call": 0.45499999999999996,
    "raise": 0.6996000000000001,
    "fold": 0
  },
  "A2s": {
    "call": 1,
    "raise": 0.2068,
    "fold": 0
  },
  "AKo": {
    "call": 0,
    "raise": 1,
    "fold": 0
  },
  "KK": {
    "call": 0,
    "raise": 1,
    "fold": 0
  },
  "KQs": {
    "call": 0,
    "raise": 1,
    "fold": 0
  },
  "KJs": {
    "call": 0,
    "raise": 1,
    "fold": 0
  },
  "KTs": {
    "call": 0.14,
    "raise": 0.9768000000000001,
    "fold": 0
  },
  "K9s": {
    "call": 0.6825000000000001,
    "raise": 0.49940000000000007,
    "fold": 0
  },
  "K8s": {
    "call": 0.9975,
    "raise": 0.22220000000000004,
    "fold": 0
  },
  "K7s": {
    "call": 0.8125,
    "raise": 0.385,
    "fold": 0
  },
  "K6s": {
    "call": 0.61,
    "raise": 0.5632,
    "fold": 0
  },
  "K5s": {
    "call": 1,
    "raise": 0.12320000000000002,
    "fold": 0
  },
  "K4s": {
    "call": 1,
    "raise": 0.0748,
    "fold": 0
  },
  "K3s": {
    "call": 1,
    "raise": 0,
    "fold": 0
  },
  "K2s": {
    "call": 1,
    "raise": 0,
    "fold": 0
  },
  "AQo": {
    "call": 0.052500000000000005,
    "raise": 1,
    "fold": 0
  },
  "KQo": {
    "call": 0.8275,
    "raise": 0.3718000000000001,
    "fold": 0
  },
  "QQ": {
    "call": 0,
    "raise": 1,
    "fold": 0
  },
  "QJs": {
    "call": 0.1675,
    "raise": 0.9526000000000001,
    "fold": 0
  },
  "QTs": {
    "call": 0.47250000000000003,
    "raise": 0.6842,
    "fold": 0
  },
  "Q9s": {
    "call": 1,
    "raise": 0.1034,
    "fold": 0
  },
  "Q8s": {
    "call": 1,
    "raise": 0,
    "fold": 0
  },
  "Q7s": {
    "call": 1,
    "raise": 0,
    "fold": 0
  },
  "Q6s": {
    "call": 1,
    "raise": 0,
    "fold": 0
  },
  "Q5s": {
    "call": 1,
    "raise": 0,
    "fold": 0
  },
  "Q4s": {
    "call": 1,
    "raise": 0,
    "fold": 0
  },
  "Q3s": {
    "call": 1,
    "raise": 0,
    "fold": 0
  },
  "Q2s": {
    "call": 1,
    "raise": 0,
    "fold": 0
  },
  "AJo": {
    "call": 0.7775,
    "raise": 0.41580000000000006,
    "fold": 0
  },
  "KJo": {
    "call": 1,
    "raise": 0.14300000000000002,
    "fold": 0
  },
  "QJo": {
    "call": 1,
    "raise": 0,
    "fold": 0
  },
  "JJ": {
    "call": 0,
    "raise": 1,
    "fold": 0
  },
  "JTs": {
    "call": 0.1275,
    "raise": 0.9878000000000001,
    "fold": 0
  },
  "J9s": {
    "call": 0.545,
    "raise": 0.6204,
    "fold": 0
  },
  "J8s": {
    "call": 1,
    "raise": 0,
    "fold": 0
  },
  "J7s": {
    "call": 1,
    "raise": 0,
    "fold": 0
  },
  "J6s": {
    "call": 1,
    "raise": 0.11220000000000001,
    "fold": 0
  },
  "J5s": {
    "call": 1,
    "raise": 0.132,
    "fold": 0
  },
  "J4s": {
    "call": 0.98,
    "raise": 0.2376,
    "fold": 0
  },
  "J3s": {
    "call": 0.9450000000000001,
    "raise": 0.2684,
    "fold": 0
  },
  "J2s": {
    "call": 1,
    "raise": 0.12760000000000002,
    "fold": 0
  },
  "ATo": {
    "call": 1,
    "raise": 0,
    "fold": 0
  },
  "KTo": {
    "call": 1,
    "raise": 0,
    "fold": 0
  },
  "QTo": {
    "call": 1,
    "raise": 0,
    "fold": 0
  },
  "JTo": {
    "call": 1,
    "raise": 0,
    "fold": 0
  },
  "TT": {
    "call": 0,
    "raise": 1,
    "fold": 0
  },
  "T9s": {
    "call": 0.15,
    "raise": 0.9680000000000001,
    "fold": 0
  },
  "T8s": {
    "call": 0.915,
    "raise": 0.29480000000000006,
    "fold": 0
  },
  "T7s": {
    "call": 1,
    "raise": 0,
    "fold": 0
  },
  "T6s": {
    "call": 0.9950000000000001,
    "raise": 0.22440000000000002,
    "fold": 0
  },
  "T5s": {
    "call": 0.6900000000000001,
    "raise": 0.49280000000000007,
    "fold": 0
  },
  "T4s": {
    "call": 0.71,
    "raise": 0.4752,
    "fold": 0
  },
  "T3s": {
    "call": 0.665,
    "raise": 0.5148,
    "fold": 0
  },
  "T2s": {
    "call": 0.805,
    "raise": 0.3916,
    "fold": 0
  },
  "A9o": {
    "call": 1,
    "raise": 0.0044,
    "fold": 0
  },
  "K9o": {
    "call": 0.9375,
    "raise": 0.275,
    "fold": 0
  },
  "Q9o": {
    "call": 0.8699999999999999,
    "raise": 0.33440000000000003,
    "fold": 0
  },
  "J9o": {
    "call": 0.8724999999999999,
    "raise": 0.3322,
    "fold": 0
  },
  "T9o": {
    "call": 1,
    "raise": 0.21120000000000003,
    "fold": 0
  },
  "98s": {
    "call": 0.165,
    "raise": 0.9548000000000001,
    "fold": 0
  },
  "97s": {
    "call": 0.9650000000000001,
    "raise": 0.2508,
    "fold": 0
  },
  "96s": {
    "call": 1,
    "raise": 0,
    "fold": 0
  },
  "95s": {
    "call": 1,
    "raise": 0.0242,
    "fold": 0
  },
  "94s": {
    "call": 0.8975,
    "raise": 0.2156,
    "fold": 0
  },
  "93s": {
    "call": 0.9199999999999999,
    "raise": 0.06380000000000001,
    "fold": 0.01620000000000006
  },
  "92s": {
    "call": 0,
    "raise": 0,
    "fold": 1
  },
  "A8o": {
    "call": 1,
    "raise": 0.12100000000000001,
    "fold": 0
  },
  "K8o": {
    "call": 0.7825,
    "raise": 0.41140000000000004,
    "fold": 0
  },
  "Q8o": {
    "call": 0.5825,
    "raise": 0.5874,
    "fold": 0
  },
  "J8o": {
    "call": 0.505,
    "raise": 0.6556000000000001,
    "fold": 0
  },
  "T8o": {
    "call": 0.7725,
    "raise": 0.4202,
    "fold": 0
  },
  "98o": {
    "call": 1,
    "raise": 0.0946,
    "fold": 0
  },
  "87s": {
    "call": 0.095,
    "raise": 1,
    "fold": 0
  },
  "86s": {
    "call": 1,
    "raise": 0,
    "fold": 0
  },
  "85s": {
    "call": 1,
    "raise": 0,
    "fold": 0
  },
  "84s": {
    "call": 1,
    "raise": 0,
    "fold": 0
  },
  "83s": {
    "call": 0,
    "raise": 0,
    "fold": 1
  },
  "82s": {
    "call": 0,
    "raise": 0,
    "fold": 1
  },
  "A7o": {
    "call": 0.79,
    "raise": 0.40480000000000005,
    "fold": 0
  },
  "K7o": {
    "call": 0.795,
    "raise": 0.40040000000000003,
    "fold": 0
  },
  "Q7o": {
    "call": 0,
    "raise": 0.011000000000000001,
    "fold": 0.989
  },
  "J7o": {
    "call": 0,
    "raise": 0.16940000000000002,
    "fold": 0.8306
  },
  "T7o": {
    "call": 0.1525,
    "raise": 0.5104000000000001,
    "fold": 0.33709999999999996
  },
  "97o": {
    "call": 0.5025000000000001,
    "raise": 0.1342,
    "fold": 0.36329999999999996
  },
  "87o": {
    "call": 1,
    "raise": 0,
    "fold": 0
  },
  "76s": {
    "call": 0.17500000000000002,
    "raise": 0.9460000000000001,
    "fold": 0
  },
  "75s": {
    "call": 1,
    "raise": 0,
    "fold": 0
  },
  "74s": {
    "call": 1,
    "raise": 0,
    "fold": 0
  },
  "73s": {
    "call": 1,
    "raise": 0,
    "fold": 0
  },
  "72s": {
    "call": 0,
    "raise": 0,
    "fold": 1
  },
  "A6o": {
    "call": 0.705,
    "raise": 0.4796,
    "fold": 0
  },
  "K6o": {
    "call": 0.8025,
    "raise": 0.39380000000000004,
    "fold": 0
  },
  "Q6o": {
    "call": 0,