{
  "22": {
    "call": 0.32616,
    "raise": 0,
    "fold": 0.67384
  },
  "33": {
    "call": 0.30240000000000006,
    "raise": 0,
    "fold": 0.6976
  },
  "44": {
    "call": 0.324,
    "raise": 0.04532,
    "fold": 0.6306799999999999
  },
  "55": {
    "call": 0.38016,
    "raise": 0.07828,
    "fold": 0.5415599999999999
  },
  "66": {
    "call": 0.5810400000000001,
    "raise": 0.19364,
    "fold": 0.22531999999999988
  },
  "77": {
    "call": 0.7581600000000001,
    "raise": 0.22454000000000002,
    "fold": 0.017299999999999927
  },
  "88": {
    "call": 0.7607343574372424,
    "raise": 0.23926564256275756,
    "fold": 5.551115123125783e-17
  },
  "99": {
    "call": 0.7841317365269461,
    "raise": 0.2158682634730539,
    "fold": 0
  },
  "AA": {
    "call": 0,
    "raise": 1,
    "fold": 0
  },
  "AKs": {
    "call": 0,
    "raise": 1,
    "fold": 0
  },
  "AQs": {
    "call": 0.1767934520943669,
    "raise": 0.8232065479056332,
    "fold": 0
  },
  "AJs": {
    "call": 0.7235807450502018,
    "raise": 0.27641925494979824,
    "fold": 0
  },
  "ATs": {
    "call": 0.7353277689205664,
    "raise": 0.26467223107943355,
    "fold": 5.551115123125783e-17
  },
  "A9s": {
    "call": 0.4657737247078939,
    "raise": 0.534226275292106,
    "fold": 1.1102230246251565e-16
  },
  "A8s": {
    "call": 0.26352000000000003,
    "raise": 0.7024600000000001,
    "fold": 0.03401999999999994
  },
  "A7s": {
    "call": 0.10368000000000001,
    "raise": 0.26162,
    "fold": 0.6347
  },
  "A6s": {
    "call": 0.051840000000000004,
    "raise": 0.08446000000000001,
    "fold": 0.8637
  },
  "A5s": {
    "call": 0.47580706418533997,
    "raise": 0.5241929358146601,
    "fold": 0
  },
  "A4s": {
    "call": 0.42352941176470593,
    "raise": 0.5764705882352941,
    "fold": 0
  },
  "A3s": {
    "call": 0.41344633844395773,
    "raise": 0.5865536615560423,
    "fold": 0
  },
  "A2s": {
    "call": 0.07776,
    "raise": 0,
    "fold": 0.92224
  },
  "AKo": {
    "call": 0.2076923076923077,
    "raise": 0.7923076923076924,
    "fold": 0
  },
  "KK": {
    "call": 0,
    "raise": 1,
    "fold": 0
  },
  "KQs": {
    "call": 0.6488746586307562,
    "raise": 0.35112534136924384,
    "fold": 0
  },
  "KJs": {
    "call": 0.6921905835917678,
    "raise": 0.3078094164082323,
    "fold": 0
  },
  "KTs": {
    "call": 0.6251720561893088,
    "raise": 0.374827943810691,
    "fold": 1.6653345369377348e-16
  },
  "K9s": {
    "call": 0.26352000000000003,
    "raise": 0.40788,
    "fold": 0.3286
  },
  "K8s": {
    "call": 0,
    "raise": 0.08034000000000001,
    "fold": 0.91966
  },
  "K7s": {
    "call": 0,
    "raise": 0,
    "fold": 1
  },
  "K6s": {
    "call": 0.0648,
    "raise": 0.04532,
    "fold": 0.88988
  },
  "K5s": {
    "call": 0,
    "raise": 0.23896,
    "fold": 0.7610399999999999
  },
  "K4s": {
    "call": 0,
    "raise": 0,
    "fold": 1
  },
  "K3s": {
    "call": 0,
    "raise": 0,
    "fold": 1
  },
  "K2s": {
    "call": 0,
    "raise": 0,
    "fold": 1
  },
  "AQo": {
    "call": 0.6764600771184051,
    "raise": 0.32353992288159505,
    "fold": 0
  },
  "KQo": {
    "call": 0.33480000000000004,
    "raise": 0.6015199999999999,
    "fold": 0.06368000000000007
  },
  "QQ": {
    "call": 0.24670313849697667,
    "raise": 0.7532968615030233,
    "fold": 0
  },
  "QJs": {
    "call": 0.4174807197943445,
    "raise": 0.5825192802056556,
    "fold": 0
  },
  "QTs": {
    "call": 0.3750429307384087,
    "raise": 0.6249570692615913,
    "fold": 0
  },
  "Q9s": {
    "call": 0,
    "raise": 0.17304000000000003,
    "fold": 0.8269599999999999
  },
  "Q8s": {
    "call": 0,
    "raise": 0,
    "fold": 1
  },
  "Q7s": {
    "call": 0,
    "raise": 0,
    "fold": 1
  },
  "Q6s": {
    "call": 0,
    "raise": 0,
    "fold": 1
  },
  "Q5s": {
    "call": 0,
    "raise": 0,
    "fold": 1
  },
  "Q4s": {
    "call": 0,
    "raise": 0,
    "fold": 1
  },
  "Q3s": {
    "call": 0,
    "raise": 0,
    "fold": 1
  },
  "Q2s": {
    "call": 0,
    "raise": 0,
    "fold": 1
  },
  "AJo": {
    "call": 0.18576,
    "raise": 0.26780000000000004,
    "fold": 0.5464399999999999
  },
  "KJo": {
    "call": 0,
    "raise": 0.09682,
    "fold": 0.90318
  },
  "QJo": {
    "call": 0,
    "raise": 0,
    "fold": 1
  },
  "JJ": {
    "call": 0.5676687464549065,
    "raise": 0.43233125354509355,
    "fold": 0
  },
  "JTs": {
    "call": 0.5676687464549065,
    "raise": 0.43233125354509355,
    "fold": 0
  },
  "J9s": {
    "call": 0.10584000000000002,
    "raise": 0,
    "fold": 0.89416
  },
  "J8s": {
    "call": 0,
    "raise": 0,
    "fold": 1
  },
  "J7s": {
    "call": 0,
    "raise": 0,
    "fold": 1
  },
  "J6s": {
    "call": 0,
    "raise": 0,
    "fold": 1
  },
  "J5s": {
    "call": 0,
    "raise": 0,
    "fold": 1
  },
  "J4s": {
    "call": 0,
    "raise": 0,
    "fold": 1
  },
  "J3s": {
    "call": 0,
    "raise": 0,
    "fold": 1
  },
  "J2s": {
    "call": 0,
    "raise": 0,
    "fold": 1
  },
  "ATo": {
    "call": 0,
    "raise": 0,
    "fold": 1
  },
  "KTo": {
    "call": 0,
    "raise": 0,
    "fold": 1
  },
  "QTo": {
    "call": 0,
    "raise": 0,
    "fold": 1
  },
  "JTo": {
    "call": 0,
    "raise": 0,
    "fold": 1
  },
  "TT": {
    "call": 0.6921905835917678,
    "raise": 0.3078094164082323,
    "fold": 0
  },
  "T9s": {
    "call": 0.48168000000000005,
    "raise": 0.44702000000000003,
    "fold": 0.07129999999999986
  },
  "T8s": {
    "call": 0.07776,
    "raise": 0,
    "fold": 0.92224
  },
  "T7s": {
    "call": 0,
    "raise": 0,
    "fold": 1
  },
  "T6s": {
    "call": 0,
    "raise": 0,
    "fold": 1
  },
  "T5s": {
    "call": 0,
    "raise": 0,
    "fold": 1
  },
  "T4s": {
    "call": 0,
    "raise": 0,
    "fold": 1
  },
  "T3s": {
    "call": 0,
    "raise": 0,
    "fold": 1
  },
  "T2s": {
    "call": 0,
    "raise": 0,
    "fold": 1
  },
  "A9o": {
    "call": 0,
    "raise": 0,
    "fold": 1
  },
  "K9o": {
    "call": 0,
    "raise": 0,
    "fold": 1
  },
  "Q9o": {
    "call": 0,
    "raise": 0,
    "fold": 1
  },
  "J9o": {
    "call": 0,
    "raise": 0,
    "fold": 1
  },
  "T9o": {
    "call": 0,
    "raise": 0,
    "fold": 1
  },
  "98s": {
    "call": 0.27648,
    "raise": 0,
    "fold": 0.7235199999999999
  },
  "97s": {
    "call": 0.04104,
    "raise": 0,
    "fold": 0.95896
  },
  "96s": {
    "call": 0,
    "raise": 0,
    "fold": 1
  },
  "95s": {
    "call": 0,
    "raise": 0,
    "fold": 1
  },
  "94s": {
    "call": 0,
    "raise": 0,
    "fold": 1
  },
  "93s": {
    "call": 0,
    "raise": 0,
    "fold": 1
  },
  "92s": {
    "call": 0,
    "raise": 0,
    "fold": 1
  },
  "A8o": {
    "call": 0,
    "raise": 0,
    "fold": 1
  },
  "K8o": {
    "call": 0,
    "raise": 0,
    "fold": 1
  },
  "Q8o": {
    "call": 0,
    "raise": 0,
    "fold": 1
  },
  "J8o": {
    "call": 0,
    "raise": 0,
    "fold": 1
  },
  "T8o": {
    "call": 0,
    "raise": 0,
    "fold": 1
  },
  "98o": {
    "call": 0,
    "raise": 0,
    "fold": 1
  },
  "87s": {
    "call": 0.29808000000000007,
    "raise": 0.16686,
    "fold": 0.5350599999999999
  },
  "86s": {
    "call": 0.09936,
    "raise": 0,
    "fold": 0.90064
  },
  "85s": {
    "call": 0,
    "raise": 0,
    "fold": 1
  },
  "84s": {
    "call": 0,
    "raise": 0,
    "fold": 1
  },
  "83s": {
    "call": 0,
    "raise": 0,
    "fold": 1
  },
  "82s": {
    "call": 0,
    "raise": 0,
    "fold": 1
  },
  "A7o": {
    "call": 0,
    "raise": 0,
    "fold": 1
  },
  "K7o": {
    "call": 0,
    "raise": 0,
    "fold": 1
  },
  "Q7o": {
    "call": 0,
    "raise": 0,
    "fold": 1
  },
  "J7o": {
    "call": 0,
    "raise": 0,
    "fold": 1
  },
  "T7o": {
    "call": 0,
    "raise": 0,
    "fold": 1
  },
  "97o": {
    "call": 0,
    "raise": 0,
    "fold": 1
  },
  "87o": {
    "call": 0,
    "raise": 0,
    "fold": 1
  },
  "76s": {
    "call": 0.33264,
    "raise": 0.21836,
    "fold": 0.44899999999999995
  },
  "75s": {
    "call": 0.03672,
    "raise": 0,