{
  "22": {
    "call": 0.852,
    "raise": 0,
    "fold": 0.14800000000000002
  },
  "33": {
    "call": 0.9779999999999999,
    "raise": 0,
    "fold": 0.02200000000000013
  },
  "44": {
    "call": 1,
    "raise": 0,
    "fold": 0
  },
  "55": {
    "call": 1,
    "raise": 0,
    "fold": 0
  },
  "66": {
    "call": 1,
    "raise": 0,
    "fold": 0
  },
  "77": {
    "call": 1,
    "raise": 0,
    "fold": 0
  },
  "88": {
    "call": 1,
    "raise": 0,
    "fold": 0
  },
  "99": {
    "call": 1,
    "raise": 0,
    "fold": 0
  },
  "AA": {
    "call": 0,
    "raise": 1,
    "fold": 0
  },
  "AKs": {
    "call": 0.07646841521980052,
    "raise": 0.9235315847801995,
    "fold": 0
  },
  "AQs": {
    "call": 0.22907393334057102,
    "raise": 0.770926066659429,
    "fold": 0
  },
  "AJs": {
    "call": 0.3152910793070053,
    "raise": 0.6847089206929948,
    "fold": 0
  },
  "ATs": {
    "call": 0.32674118658641443,
    "raise": 0.6732588134135856,
    "fold": 0
  },
  "A9s": {
    "call": 0.8378295836302554,
    "raise": 0.16217041636974447,
    "fold": 1.3877787807814457e-16
  },
  "A8s": {
    "call": 1,
    "raise": 0,
    "fold": 0
  },
  "A7s": {
    "call": 0.8267999999999999,
    "raise": 0,
    "fold": 0.17320000000000013
  },
  "A6s": {
    "call": 0.6012,
    "raise": 0,
    "fold": 0.39880000000000004
  },
  "A5s": {
    "call": 0.1656,
    "raise": 0.7819200000000001,
    "fold": 0.05247999999999997
  },
  "A4s": {
    "call": 0.1668,
    "raise": 0.66528,
    "fold": 0.16791999999999996
  },
  "A3s": {
    "call": 0.24,
    "raise": 0.5421600000000001,
    "fold": 0.21783999999999992
  },
  "A2s": {
    "call": 0.306,
    "raise": 0.42876000000000003,
    "fold": 0.2652399999999999
  },
  "AKo": {
    "call": 0.1885969693666194,
    "raise": 0.8114030306333807,
    "fold": 0
  },
  "KK": {
    "call": 0,
    "raise": 1,
    "fold": 0
  },
  "KQs": {
    "call": 0.36711976881087444,
    "raise": 0.6328802311891255,
    "fold": 0
  },
  "KJs": {
    "call": 0.54820415879017,
    "raise": 0.45179584120982985,
    "fold": 1.1102230246251565e-16
  },
  "KTs": {
    "call": 0.7292954264524104,
    "raise": 0.27070457354758964,
    "fold": 0
  },
  "K9s": {
    "call": 0.8435999999999999,
    "raise": 0,
    "fold": 0.1564000000000001
  },
  "K8s": {
    "call": 0.48360000000000003,
    "raise": 0,
    "fold": 0.5164
  },
  "K7s": {
    "call": 0,
    "raise": 0,
    "fold": 1
  },
  "K6s": {
    "call": 0,
    "raise": 0,
    "fold": 1
  },
  "K5s": {
    "call": 0.2988,
    "raise": 0.43092,
    "fold": 0.27028
  },
  "K4s": {
    "call": 0,
    "raise": 0,
    "fold": 1
  },
  "K3s": {
    "call": 0,
    "raise": 0,
    "fold": 1
  },
  "K2s": {
    "call": 0,
    "raise": 0,
    "fold": 1
  },
  "AQo": {
    "call": 0.5253184545741657,
    "raise": 0.4746815454258343,
    "fold": 0
  },
  "KQo": {
    "call": 0.7235621521335807,
    "raise": 0.27643784786641934,
    "fold": 0
  },
  "QQ": {
    "call": 0,
    "raise": 1,
    "fold": 0
  },
  "QJs": {
    "call": 0.7824662023760754,
    "raise": 0.21753379762392464,
    "fold": 0
  },
  "QTs": {
    "call": 0.8777165326686093,
    "raise": 0.12228346733139064,
    "fold": 8.326672684688674e-17
  },
  "Q9s": {
    "call": 0.8543999999999999,
    "raise": 0,
    "fold": 0.14560000000000006
  },
  "Q8s": {
    "call": 0,
    "raise": 0,
    "fold": 1
  },
  "Q7s": {
    "call": 0,
    "raise": 0,
    "fold": 1
  },
  "Q6s": {
    "call": 0,
    "raise": 0,
    "fold": 1
  },
  "Q5s": {
    "call": 0,
    "raise": 0,
    "fold": 1
  },
  "Q4s": {
    "call": 0,
    "raise": 0,
    "fold": 1
  },
  "Q3s": {
    "call": 0,
    "raise": 0,
    "fold": 1
  },
  "Q2s": {
    "call": 0,
    "raise": 0,
    "fold": 1
  },
  "AJo": {
    "call": 0.71111569821447,
    "raise": 0.28888430178553,
    "fold": 5.551115123125783e-17
  },
  "KJo": {
    "call": 0.9564,
    "raise": 0,
    "fold": 0.04359999999999997
  },
  "QJo": {
    "call": 0.8447999999999999,
    "raise": 0,
    "fold": 0.15520000000000012
  },
  "JJ": {
    "call": 0.10771598153440315,
    "raise": 0.8922840184655969,
    "fold": 0
  },
  "JTs": {
    "call": 0.8678446210990385,
    "raise": 0.13215537890096157,
    "fold": 0
  },
  "J9s": {
    "call": 0.7152,
    "raise": 0,
    "fold": 0.28480000000000005
  },
  "J8s": {
    "call": 0,
    "raise": 0,
    "fold": 1
  },
  "J7s": {
    "call": 0,
    "raise": 0,
    "fold": 1
  },
  "J6s": {
    "call": 0,
    "raise": 0,
    "fold": 1
  },
  "J5s": {
    "call": 0,
    "raise": 0,
    "fold": 1
  },
  "J4s": {
    "call": 0,
    "raise": 0,
    "fold": 1
  },
  "J3s": {
    "call": 0,
    "raise": 0,
    "fold": 1
  },
  "J2s": {
    "call": 0,
    "raise": 0,
    "fold": 1
  },
  "ATo": {
    "call": 0.8387999999999999,
    "raise": 0,
    "fold": 0.16120000000000012
  },
  "KTo": {
    "call": 0.6,
    "raise": 0,
    "fold": 0.4
  },
  "QTo": {
    "call": 0.4776,
    "raise": 0,
    "fold": 0.5224
  },
  "JTo": {
    "call": 0.6,
    "raise": 0,
    "fold": 0.4
  },
  "TT": {
    "call": 0.3784477228992944,
    "raise": 0.6215522771007057,
    "fold": 0
  },
  "T9s": {
    "call": 1,
    "raise": 0,
    "fold": 0
  },
  "T8s": {
    "call": 0.6,
    "raise": 0,
    "fold": 0.4
  },
  "T7s": {
    "call": 0,
    "raise": 0,
    "fold": 1
  },
  "T6s": {
    "call": 0,
    "raise": 0,
    "fold": 1
  },
  "T5s": {
    "call": 0,
    "raise": 0,
    "fold": 1
  },
  "T4s": {
    "call": 0,
    "raise": 0,
    "fold": 1
  },
  "T3s": {
    "call": 0,
    "raise": 0,
    "fold": 1
  },
  "T2s": {
    "call": 0,
    "raise": 0,
    "fold": 1
  },
  "A9o": {
    "call": 0.48360000000000003,
    "raise": 0,
    "fold": 0.5164
  },
  "K9o": {
    "call": 0,
    "raise": 0,
    "fold": 1
  },
  "Q9o": {
    "call": 0,
    "raise": 0,
    "fold": 1
  },
  "J9o": {
    "call": 0,
    "raise": 0,
    "fold": 1
  },
  "T9o": {
    "call": 0,
    "raise": 0,
    "fold": 1
  },
  "98s": {
    "call": 1,
    "raise": 0,
    "fold": 0
  },
  "97s": {
    "call": 0,
    "raise": 0,
    "fold": 1
  },
  "96s": {
    "call": 0,
    "raise": 0,
    "fold": 1
  },
  "95s": {
    "call": 0,
    "raise": 0,
    "fold": 1
  },
  "94s": {
    "call": 0,
    "raise": 0,
    "fold": 1
  },
  "93s": {
    "call": 0,
    "raise": 0,
    "fold": 1
  },
  "92s": {
    "call": 0,
    "raise": 0,
    "fold": 1
  },
  "A8o": {
    "call": 0,
    "raise": 0,
    "fold": 1
  },
  "K8o": {
    "call": 0,
    "raise": 0,
    "fold": 1
  },
  "Q8o": {
    "call": 0,
    "raise": 0,
    "fold": 1
  },
  "J8o": {
    "call": 0,
    "raise": 0,
    "fold": 1
  },
  "T8o": {
    "call": 0,
    "raise": 0,
    "fold": 1
  },
  "98o": {
    "call": 0,
    "raise": 0,
    "fold": 1
  },
  "87s": {
    "call": 0.9708,
    "raise": 0,
    "fold": 0.029200000000000004
  },
  "86s": {
    "call": 0,
    "raise": 0,
    "fold": 1
  },
  "85s": {
    "call": 0,
    "raise": 0,
    "fold": 1
  },
  "84s": {
    "call": 0,
    "raise": 0,
    "fold": 1
  },
  "83s": {
    "call": 0,
    "raise": 0,
    "fold": 1
  },
  "82s": {
    "call": 0,
    "raise": 0,
    "fold": 1
  },
  "A7o": {
    "call": 0,
    "raise": 0,
    "fold": 1
  },
  "K7o": {
    "call": 0,
    "raise": 0,
    "fold": 1
  },
  "Q7o": {
    "call": 0,
    "raise": 0,
    "fold": 1
  },
  "J7o": {
    "call": 0,
    "raise": 0,
    "fold": 1
  },
  "T7o": {
    "call": 0,
    "raise": 0,
    "fold": 1
  },
  "97o": {
    "call": 0,
    "raise": 0,
    "fold": 1
  },
  "87o": {
    "call": 0,
    "raise": 0,
    "fold": 1
  },
  "76s": {
    "call": 0.8363999999999999,
    "raise": 0,
    "fold": 0.16360000000000008
  },
  "75s": {
    "call": 0,
    "raise": 0,
    "fold": 1
  },
  "74s": {
    "call": 0,
    "raise": 0,
    "fold": 1
  },
  "73s": {
    "call": 0,
    "raise": 0,
    "fold": 1
  },
  "72s": {
    "call": 0,
    "raise": 0,
    "fold": 1
  },
  "A6o": {
    "call": 0,
    "raise": 0,
    "fold": 1
  },
  "K6o": {
    "call": 0,
    "raise": 0,