{
  "22": {
    "call": 1,
    "raise": 0,
    "fold": 0
  },
  "33": {
    "call": 1,
    "raise": 0,
    "fold": 0
  },
  "44": {
    "call": 1,
    "raise": 0,
    "fold": 0
  },
  "55": {
    "call": 1,
    "raise": 0,
    "fold": 0
  },
  "66": {
    "call": 1,
    "raise": 0.11448,
    "fold": 0
  },
  "77": {
    "call": 1,
    "raise": 0.14040000000000002,
    "fold": 0
  },
  "88": {
    "call": 1,
    "raise": 0.17496,
    "fold": 0
  },
  "99": {
    "call": 0.8160000000000001,
    "raise": 0.3456,
    "fold": 0
  },
  "AA": {
    "call": 0,
    "raise": 1,
    "fold": 0
  },
  "AKs": {
    "call": 0,
    "raise": 1,
    "fold": 0
  },
  "AQs": {
    "call": 0,
    "raise": 1,
    "fold": 0
  },
  "AJs": {
    "call": 0.0504,
    "raise": 1,
    "fold": 0
  },
  "ATs": {
    "call": 0.7872,
    "raise": 0.37152,
    "fold": 0
  },
  "A9s": {
    "call": 0.528,
    "raise": 0.6048000000000001,
    "fold": 0
  },
  "A8s": {
    "call": 0.9288,
    "raise": 0.24408000000000002,
    "fold": 0
  },
  "A7s": {
    "call": 1,
    "raise": 0.11016,
    "fold": 0
  },
  "A6s": {
    "call": 1,
    "raise": 0.13176000000000002,
    "fold": 0
  },
  "A5s": {
    "call": 0.35279999999999995,
    "raise": 0.76248,
    "fold": 0
  },
  "A4s": {
    "call": 0.8567999999999999,
    "raise": 0.30888,
    "fold": 0
  },
  "A3s": {
    "call": 1,
    "raise": 0.16848000000000002,
    "fold": 0
  },
  "A2s": {
    "call": 1,
    "raise": 0,
    "fold": 0
  },
  "AKo": {
    "call": 0,
    "raise": 1,
    "fold": 0
  },
  "KK": {
    "call": 0,
    "raise": 1,
    "fold": 0
  },
  "KQs": {
    "call": 0.0336,
    "raise": 1,
    "fold": 0
  },
  "KJs": {
    "call": 0.34079999999999994,
    "raise": 0.77328,
    "fold": 0
  },
  "KTs": {
    "call": 0.1296,
    "raise": 0.9633600000000001,
    "fold": 0
  },
  "K9s": {
    "call": 0.9456,
    "raise": 0.22896,
    "fold": 0
  },
  "K8s": {
    "call": 1,
    "raise": 0.10584000000000002,
    "fold": 0
  },
  "K7s": {
    "call": 0.9264,
    "raise": 0.24624000000000001,
    "fold": 0
  },
  "K6s": {
    "call": 0.948,
    "raise": 0.2268,
    "fold": 0
  },
  "K5s": {
    "call": 1,
    "raise": 0.13176000000000002,
    "fold": 0
  },
  "K4s": {
    "call": 0.9791999999999998,
    "raise": 0.19872,
    "fold": 0
  },
  "K3s": {
    "call": 1,
    "raise": 0,
    "fold": 0
  },
  "K2s": {
    "call": 1,
    "raise": 0,
    "fold": 0
  },
  "AQo": {
    "call": 0.6432,
    "raise": 0.50112,
    "fold": 0
  },
  "KQo": {
    "call": 0.9552,
    "raise": 0.22032,
    "fold": 0
  },
  "QQ": {
    "call": 0,
    "raise": 1,
    "fold": 0
  },
  "QJs": {
    "call": 0,
    "raise": 1,
    "fold": 0
  },
  "QTs": {
    "call": 0,
    "raise": 1,
    "fold": 0
  },
  "Q9s": {
    "call": 0.8064,
    "raise": 0.35424000000000005,
    "fold": 0
  },
  "Q8s": {
    "call": 0.8255999999999999,
    "raise": 0.33696000000000004,
    "fold": 0
  },
  "Q7s": {
    "call": 1,
    "raise": 0.08424000000000001,
    "fold": 0
  },
  "Q6s": {
    "call": 0.9456,
    "raise": 0.22896,
    "fold": 0
  },
  "Q5s": {
    "call": 1,
    "raise": 0.13824,
    "fold": 0
  },
  "Q4s": {
    "call": 1,
    "raise": 0.015120000000000001,
    "fold": 0
  },
  "Q3s": {
    "call": 0.4895999999999999,
    "raise": 0,
    "fold": 0.5104000000000001
  },
  "Q2s": {
    "call": 0.384,
    "raise": 0,
    "fold": 0.616
  },
  "AJo": {
    "call": 1,
    "raise": 0.11448,
    "fold": 0
  },
  "KJo": {
    "call": 0.9024,
    "raise": 0.26784,
    "fold": 0
  },
  "QJo": {
    "call": 0.948,
    "raise": 0.2268,
    "fold": 0
  },
  "JJ": {
    "call": 0,
    "raise": 1,
    "fold": 0
  },
  "JTs": {
    "call": 0,
    "raise": 1,
    "fold": 0
  },
  "J9s": {
    "call": 0.4728,
    "raise": 0.6544800000000001,
    "fold": 0
  },
  "J8s": {
    "call": 0.7992,
    "raise": 0.36072000000000004,
    "fold": 0
  },
  "J7s": {
    "call": 1,
    "raise": 0.11664000000000001,
    "fold": 0
  },
  "J6s": {
    "call": 0.5184,
    "raise": 0,
    "fold": 0.48160000000000003
  },
  "J5s": {
    "call": 0.25439999999999996,
    "raise": 0,
    "fold": 0.7456
  },
  "J4s": {
    "call": 0,
    "raise": 0,
    "fold": 1
  },
  "J3s": {
    "call": 0,
    "raise": 0,
    "fold": 1
  },
  "J2s": {
    "call": 0,
    "raise": 0,
    "fold": 1
  },
  "ATo": {
    "call": 1,
    "raise": 0.17064000000000001,
    "fold": 0
  },
  "KTo": {
    "call": 1,
    "raise": 0.11664000000000001,
    "fold": 0
  },
  "QTo": {
    "call": 1,
    "raise": 0.09288,
    "fold": 0
  },
  "JTo": {
    "call": 1,
    "raise": 0.04752,
    "fold": 0
  },
  "TT": {
    "call": 0.372,
    "raise": 0.7452,
    "fold": 0
  },
  "T9s": {
    "call": 0.5064,
    "raise": 0.62424,
    "fold": 0
  },
  "T8s": {
    "call": 0.9744,
    "raise": 0.20304000000000003,
    "fold": 0
  },
  "T7s": {
    "call": 1,
    "raise": 0.10152000000000001,
    "fold": 0
  },
  "T6s": {
    "call": 0.2304,
    "raise": 0,
    "fold": 0.7696000000000001
  },
  "T5s": {
    "call": 0,
    "raise": 0,
    "fold": 1
  },
  "T4s": {
    "call": 0,
    "raise": 0,
    "fold": 1
  },
  "T3s": {
    "call": 0,
    "raise": 0,
    "fold": 1
  },
  "T2s": {
    "call": 0,
    "raise": 0,
    "fold": 1
  },
  "A9o": {
    "call": 1,
    "raise": 0.025920000000000002,
    "fold": 0
  },
  "K9o": {
    "call": 0,
    "raise": 0,
    "fold": 1
  },
  "Q9o": {
    "call": 0,
    "raise": 0,
    "fold": 1
  },
  "J9o": {
    "call": 0.216,
    "raise": 0,
    "fold": 0.784
  },
  "T9o": {
    "call": 0.35279999999999995,
    "raise": 0,
    "fold": 0.6472
  },
  "98s": {
    "call": 0.9119999999999999,
    "raise": 0.2592,
    "fold": 0
  },
  "97s": {
    "call": 1,
    "raise": 0.13824,
    "fold": 0
  },
  "96s": {
    "call": 1,
    "raise": 0.0216,
    "fold": 0
  },
  "95s": {
    "call": 0.096,
    "raise": 0,
    "fold": 0.904
  },
  "94s": {
    "call": 0,
    "raise": 0,
    "fold": 1
  },
  "93s": {
    "call": 0,
    "raise": 0,
    "fold": 1
  },
  "92s": {
    "call": 0,
    "raise": 0,
    "fold": 1
  },
  "A8o": {
    "call": 0.432,
    "raise": 0,
    "fold": 0.5680000000000001
  },
  "K8o": {
    "call": 0,
    "raise": 0,
    "fold": 1
  },
  "Q8o": {
    "call": 0,
    "raise": 0,
    "fold": 1
  },
  "J8o": {
    "call": 0,
    "raise": 0,
    "fold": 1
  },
  "T8o": {
    "call": 0,
    "raise": 0,
    "fold": 1
  },
  "98o": {
    "call": 0.1152,
    "raise": 0,
    "fold": 0.8848
  },
  "87s": {
    "call": 0.8567999999999999,
    "raise": 0.30888,
    "fold": 0
  },
  "86s": {
    "call": 1,
    "raise": 0.1296,
    "fold": 0
  },
  "85s": {
    "call": 1,
    "raise": 0,
    "fold": 0
  },
  "84s": {
    "call": 0,
    "raise": 0,
    "fold": 1
  },
  "83s": {
    "call": 0,
    "raise": 0,
    "fold": 1
  },
  "82s": {
    "call": 0,
    "raise": 0,
    "fold": 1
  },
  "A7o": {
    "call": 0,
    "raise": 0,
    "fold": 1
  },
  "K7o": {
    "call": 0,
    "raise": 0,
    "fold": 1
  },
  "Q7o": {
    "call": 0,
    "raise": 0,
    "fold": 1
  },
  "J7o": {
    "call": 0,
    "raise": 0,
    "fold": 1
  },
  "T7o": {
    "call": 0,
    "raise": 0,
    "fold": 1
  },
  "97o": {
    "call": 0,
    "raise": 0,
    "fold": 1
  },
  "87o": {
    "call": 0,
    "raise": 0,
    "fold": 1
  },
  "76s": {
    "call": 0.6791999999999999,
    "raise": 0.46872,
    "fold": 0
  },
  "75s": {
    "call": 1,
    "raise": 0.1296,
    "fold": 0
  },
  "74s": {
    "call": 1,
    "raise": 0,
    "fold": 0
  },
  "73s": {
    "call": 0,
    "raise": 0,
    "fold": 1
  },
  "72s": {
    "call": 0,
    "raise": 0,
    "fold": 1
  },
  "A6o": {
    "call": 0,
    "raise": 0,
    "fold": 1
  },
  "K6o": {
    "call": 0,
    "raise": 0,
    "fold": 1
  },
  "Q6o": {
    "call": 0,
    "raise": 0,
    "fold": 1
  },
  "J6o": {
    "call": 0,
    "raise": 0,
    "fold": 1
  },
  "T6o": {
    "call": 0,
    "raise": 0,
    "fold": 1
  },
  "96o": {
    "call": 0,
    "raise": 0,
    "fold": 1
  },