{
  "22": {
    "call": 1,
    "raise": 0,
    "fold": 0
  },
  "33": {
    "call": 1,
    "raise": 0,
    "fold": 0
  },
  "44": {
    "call": 1,
    "raise": 0.0105,
    "fold": 0
  },
  "55": {
    "call": 1,
    "raise": 0.0105,
    "fold": 0
  },
  "66": {
    "call": 1,
    "raise": 0.0714,
    "fold": 0
  },
  "77": {
    "call": 1,
    "raise": 0.084,
    "fold": 0
  },
  "88": {
    "call": 1,
    "raise": 0.09029999999999999,
    "fold": 0
  },
  "99": {
    "call": 1,
    "raise": 0.1554,
    "fold": 0
  },
  "AA": {
    "call": 0,
    "raise": 1,
    "fold": 0
  },
  "AKs": {
    "call": 0,
    "raise": 1,
    "fold": 0
  },
  "AQs": {
    "call": 0,
    "raise": 1,
    "fold": 0
  },
  "AJs": {
    "call": 0.47672000000000003,
    "raise": 0.6258,
    "fold": 0
  },
  "ATs": {
    "call": 0.63012,
    "raise": 0.48930000000000007,
    "fold": 0
  },
  "A9s": {
    "call": 0.93928,
    "raise": 0.2142,
    "fold": 0
  },
  "A8s": {
    "call": 0.9817599999999999,
    "raise": 0.17640000000000003,
    "fold": 0
  },
  "A7s": {
    "call": 1,
    "raise": 0.1575,
    "fold": 0
  },
  "A6s": {
    "call": 0.95816,
    "raise": 0.19740000000000002,
    "fold": 0
  },
  "A5s": {
    "call": 0.7693599999999999,
    "raise": 0.3654,
    "fold": 0
  },
  "A4s": {
    "call": 0.73396,
    "raise": 0.39690000000000003,
    "fold": 0
  },
  "A3s": {
    "call": 0.9864799999999999,
    "raise": 0.17220000000000002,
    "fold": 0
  },
  "A2s": {
    "call": 1,
    "raise": 0.0462,
    "fold": 0
  },
  "AKo": {
    "call": 0,
    "raise": 1,
    "fold": 0
  },
  "KK": {
    "call": 0,
    "raise": 1,
    "fold": 0
  },
  "KQs": {
    "call": 0.17228,
    "raise": 0.8967,
    "fold": 0
  },
  "KJs": {
    "call": 0,
    "raise": 1,
    "fold": 0
  },
  "KTs": {
    "call": 0.36344,
    "raise": 0.7266,
    "fold": 0
  },
  "K9s": {
    "call": 1,
    "raise": 0.0651,
    "fold": 0
  },
  "K8s": {
    "call": 1,
    "raise": 0.0651,
    "fold": 0
  },
  "K7s": {
    "call": 0.92984,
    "raise": 0.2226,
    "fold": 0
  },
  "K6s": {
    "call": 0.9770399999999999,
    "raise": 0.18059999999999998,
    "fold": 0
  },
  "K5s": {
    "call": 0.9746799999999999,
    "raise": 0.1827,
    "fold": 0
  },
  "K4s": {
    "call": 0.9558,
    "raise": 0.1995,
    "fold": 0
  },
  "K3s": {
    "call": 1,
    "raise": 0,
    "fold": 0
  },
  "K2s": {
    "call": 1,
    "raise": 0,
    "fold": 0
  },
  "AQo": {
    "call": 1,
    "raise": 0.14700000000000002,
    "fold": 0
  },
  "KQo": {
    "call": 1,
    "raise": 0.0945,
    "fold": 0
  },
  "QQ": {
    "call": 0,
    "raise": 1,
    "fold": 0
  },
  "QJs": {
    "call": 0,
    "raise": 1,
    "fold": 0
  },
  "QTs": {
    "call": 0.295,
    "raise": 0.7875000000000001,
    "fold": 0
  },
  "Q9s": {
    "call": 0.77408,
    "raise": 0.36119999999999997,
    "fold": 0
  },
  "Q8s": {
    "call": 0.7976800000000001,
    "raise": 0.3402,
    "fold": 0
  },
  "Q7s": {
    "call": 0.83544,
    "raise": 0.0504,
    "fold": 0.11416000000000004
  },
  "Q6s": {
    "call": 1,
    "raise": 0.11760000000000001,
    "fold": 0
  },
  "Q5s": {
    "call": 0.73868,
    "raise": 0,
    "fold": 0.26132
  },
  "Q4s": {
    "call": 0.32568,
    "raise": 0,
    "fold": 0.67432
  },
  "Q3s": {
    "call": 0,
    "raise": 0,
    "fold": 1
  },
  "Q2s": {
    "call": 0,
    "raise": 0,
    "fold": 1
  },
  "AJo": {
    "call": 1,
    "raise": 0,
    "fold": 0
  },
  "KJo": {
    "call": 1,
    "raise": 0,
    "fold": 0
  },
  "QJo": {
    "call": 1,
    "raise": 0.14909999999999998,
    "fold": 0
  },
  "JJ": {
    "call": 0.2596,
    "raise": 0.8190000000000001,
    "fold": 0
  },
  "JTs": {
    "call": 0.57348,
    "raise": 0.5397000000000001,
    "fold": 0
  },
  "J9s": {
    "call": 0.86376,
    "raise": 0.28140000000000004,
    "fold": 0
  },
  "J8s": {
    "call": 0.9628799999999998,
    "raise": 0.1932,
    "fold": 0
  },
  "J7s": {
    "call": 0.61124,
    "raise": 0,
    "fold": 0.38876
  },
  "J6s": {
    "call": 0,
    "raise": 0,
    "fold": 1
  },
  "J5s": {
    "call": 0,
    "raise": 0,
    "fold": 1
  },
  "J4s": {
    "call": 0,
    "raise": 0,
    "fold": 1
  },
  "J3s": {
    "call": 0,
    "raise": 0,
    "fold": 1
  },
  "J2s": {
    "call": 0,
    "raise": 0,
    "fold": 1
  },
  "ATo": {
    "call": 1,
    "raise": 0.063,
    "fold": 0
  },
  "KTo": {
    "call": 0.7056399999999999,
    "raise": 0,
    "fold": 0.29436000000000007
  },
  "QTo": {
    "call": 0.53336,
    "raise": 0,
    "fold": 0.46664000000000005
  },
  "JTo": {
    "call": 0.5663999999999999,
    "raise": 0,
    "fold": 0.4336000000000001
  },
  "TT": {
    "call": 0.79296,
    "raise": 0.34440000000000004,
    "fold": 0
  },
  "T9s": {
    "call": 0.8024,
    "raise": 0.336,
    "fold": 0
  },
  "T8s": {
    "call": 0.92984,
    "raise": 0.2226,
    "fold": 0
  },
  "T7s": {
    "call": 1,
    "raise": 0.0567,
    "fold": 0
  },
  "T6s": {
    "call": 0.03304,
    "raise": 0,
    "fold": 0.96696
  },
  "T5s": {
    "call": 0,
    "raise": 0,
    "fold": 1
  },
  "T4s": {
    "call": 0,
    "raise": 0,
    "fold": 1
  },
  "T3s": {
    "call": 0,
    "raise": 0,
    "fold": 1
  },
  "T2s": {
    "call": 0,
    "raise": 0,
    "fold": 1
  },
  "A9o": {
    "call": 0.38704,
    "raise": 0,
    "fold": 0.61296
  },
  "K9o": {
    "call": 0,
    "raise": 0,
    "fold": 1
  },
  "Q9o": {
    "call": 0,
    "raise": 0,
    "fold": 1
  },
  "J9o": {
    "call": 0,
    "raise": 0,
    "fold": 1
  },
  "T9o": {
    "call": 0.08024,
    "raise": 0,
    "fold": 0.91976
  },
  "98s": {
    "call": 1,
    "raise": 0.1134,
    "fold": 0
  },
  "97s": {
    "call": 1,
    "raise": 0.10500000000000001,
    "fold": 0
  },
  "96s": {
    "call": 1,
    "raise": 0,
    "fold": 0
  },
  "95s": {
    "call": 0.18172,
    "raise": 0,
    "fold": 0.81828
  },
  "94s": {
    "call": 0,
    "raise": 0,
    "fold": 1
  },
  "93s": {
    "call": 0,
    "raise": 0,
    "fold": 1
  },
  "92s": {
    "call": 0,
    "raise": 0,
    "fold": 1
  },
  "A8o": {
    "call": 0,
    "raise": 0,
    "fold": 1
  },
  "K8o": {
    "call": 0,
    "raise": 0,
    "fold": 1
  },
  "Q8o": {
    "call": 0,
    "raise": 0,
    "fold": 1
  },
  "J8o": {
    "call": 0,
    "raise": 0,
    "fold": 1
  },
  "T8o": {
    "call": 0,
    "raise": 0,
    "fold": 1
  },
  "98o": {
    "call": 0,
    "raise": 0,
    "fold": 1
  },
  "87s": {
    "call": 0.8307199999999999,
    "raise": 0.3108,
    "fold": 0
  },
  "86s": {
    "call": 1,
    "raise": 0.08820000000000001,
    "fold": 0
  },
  "85s": {
    "call": 1,
    "raise": 0,
    "fold": 0
  },
  "84s": {
    "call": 0,
    "raise": 0,
    "fold": 1
  },
  "83s": {
    "call": 0,
    "raise": 0,
    "fold": 1
  },
  "82s": {
    "call": 0,
    "raise": 0,
    "fold": 1
  },
  "A7o": {
    "call": 0,
    "raise": 0,
    "fold": 1
  },
  "K7o": {
    "call": 0,
    "raise": 0,
    "fold": 1
  },
  "Q7o": {
    "call": 0,
    "raise": 0,
    "fold": 1
  },
  "J7o": {
    "call": 0,
    "raise": 0,
    "fold": 1
  },
  "T7o": {
    "call": 0,
    "raise": 0,
    "fold": 1
  },
  "97o": {
    "call": 0,
    "raise": 0,
    "fold": 1
  },
  "87o": {
    "call": 0,
    "raise": 0,
    "fold": 1
  },
  "76s": {
    "call": 0.8141999999999999,
    "raise": 0.3255,
    "fold": 0
  },
  "75s": {
    "call": 0.9723199999999999,
    "raise": 0.1848,
    "fold": 0
  },
  "74s": {
    "call": 0.79532,
    "raise": 0,
    "fold": 0.20467999999999997
  },
  "73s": {
    "call": 0,
    "raise": 0,
    "fold": 1
  },
  "72s": {
    "call": 0,
    "raise": 0,
    "fold": 1
  },
  "A6o": {
    "call": 0,
    "raise": 0,
    "fold": 1
  },
  "K6o": {
    "call": 0,
    "raise": 0,
    "fold": 1
  },
  "Q6o": {
    "call": 0,
    "raise": 0,
    "fold": 1
  },
  "J6o": {
    "call": 0,
    "raise": 0,
    "fold": 1
  },
  "T6o": {
    "call": 0,
    "raise": 0,
    "fold": 1
  },
  "96o": {
    "call": 0,
    "raise": 0,
    "fold": 1
  },
  "86o": {
    "call": 0,