{
  "22": {
    "call": 1,
    "raise": 0,
    "fold": 0
  },
  "33": {
    "call": 1,
    "raise": 0,
    "fold": 0
  },
  "44": {
    "call": 1,
    "raise": 0.004200000000000001,
    "fold": 0
  },
  "55": {
    "call": 1,
    "raise": 0.042,
    "fold": 0
  },
  "66": {
    "call": 1,
    "raise": 0.08820000000000001,
    "fold": 0
  },
  "77": {
    "call": 1,
    "raise": 0.0546,
    "fold": 0
  },
  "88": {
    "call": 1,
    "raise": 0.0798,
    "fold": 0
  },
  "99": {
    "call": 1,
    "raise": 0.0714,
    "fold": 0
  },
  "AA": {
    "call": 0,
    "raise": 1,
    "fold": 0
  },
  "AKs": {
    "call": 0,
    "raise": 1,
    "fold": 0
  },
  "AQs": {
    "call": 0.1518,
    "raise": 0.9114,
    "fold": 0
  },
  "AJs": {
    "call": 0.6394,
    "raise": 0.4662,
    "fold": 0
  },
  "ATs": {
    "call": 0.6669999999999999,
    "raise": 0.441,
    "fold": 0
  },
  "A9s": {
    "call": 1,
    "raise": 0.0273,
    "fold": 0
  },
  "A8s": {
    "call": 0.8993,
    "raise": 0.22890000000000002,
    "fold": 0
  },
  "A7s": {
    "call": 0.9177,
    "raise": 0.2121,
    "fold": 0
  },
  "A6s": {
    "call": 0.8763,
    "raise": 0.2499,
    "fold": 0
  },
  "A5s": {
    "call": 0.7083999999999999,
    "raise": 0.4032,
    "fold": 0
  },
  "A4s": {
    "call": 0.7452,
    "raise": 0.3696,
    "fold": 0
  },
  "A3s": {
    "call": 0.9038999999999999,
    "raise": 0.2247,
    "fold": 0
  },
  "A2s": {
    "call": 1,
    "raise": 0.0819,
    "fold": 0
  },
  "AKo": {
    "call": 0.2645,
    "raise": 0.8085000000000001,
    "fold": 0
  },
  "KK": {
    "call": 0,
    "raise": 1,
    "fold": 0
  },
  "KQs": {
    "call": 0.0759,
    "raise": 0.9807000000000001,
    "fold": 0
  },
  "KJs": {
    "call": 0.27369999999999994,
    "raise": 0.8001,
    "fold": 0
  },
  "KTs": {
    "call": 0.7383,
    "raise": 0.3759,
    "fold": 0
  },
  "K9s": {
    "call": 1,
    "raise": 0.07350000000000001,
    "fold": 0
  },
  "K8s": {
    "call": 1,
    "raise": 0.0609,
    "fold": 0
  },
  "K7s": {
    "call": 0.9913,
    "raise": 0.14490000000000003,
    "fold": 0
  },
  "K6s": {
    "call": 0.9590999999999998,
    "raise": 0.1743,
    "fold": 0
  },
  "K5s": {
    "call": 0.9590999999999998,
    "raise": 0.1743,
    "fold": 0
  },
  "K4s": {
    "call": 0.9475999999999999,
    "raise": 0.1848,
    "fold": 0
  },
  "K3s": {
    "call": 0.7083999999999999,
    "raise": 0,
    "fold": 0.2916000000000001
  },
  "K2s": {
    "call": 0.598,
    "raise": 0,
    "fold": 0.402
  },
  "AQo": {
    "call": 1,
    "raise": 0.0378,
    "fold": 0
  },
  "KQo": {
    "call": 1,
    "raise": 0.07350000000000001,
    "fold": 0
  },
  "QQ": {
    "call": 0,
    "raise": 1,
    "fold": 0
  },
  "QJs": {
    "call": 0.13799999999999998,
    "raise": 0.924,
    "fold": 0
  },
  "QTs": {
    "call": 0.5841999999999999,
    "raise": 0.5166000000000001,
    "fold": 0
  },
  "Q9s": {
    "call": 0.8463999999999999,
    "raise": 0.2772,
    "fold": 0
  },
  "Q8s": {
    "call": 0.9544999999999999,
    "raise": 0.17850000000000002,
    "fold": 0
  },
  "Q7s": {
    "call": 0.6969,
    "raise": 0,
    "fold": 0.30310000000000004
  },
  "Q6s": {
    "call": 0.6646999999999998,
    "raise": 0,
    "fold": 0.33530000000000015
  },
  "Q5s": {
    "call": 0.5014,
    "raise": 0,
    "fold": 0.49860000000000004
  },
  "Q4s": {
    "call": 0.1495,
    "raise": 0,
    "fold": 0.8505
  },
  "Q3s": {
    "call": 0,
    "raise": 0,
    "fold": 1
  },
  "Q2s": {
    "call": 0,
    "raise": 0,
    "fold": 1
  },
  "AJo": {
    "call": 1,
    "raise": 0.0105,
    "fold": 0
  },
  "KJo": {
    "call": 0.9774999999999999,
    "raise": 0,
    "fold": 0.022500000000000075
  },
  "QJo": {
    "call": 0.6623999999999999,
    "raise": 0,
    "fold": 0.3376000000000001
  },
  "JJ": {
    "call": 0.6738999999999999,
    "raise": 0.4347,
    "fold": 0
  },
  "JTs": {
    "call": 0.8256999999999999,
    "raise": 0.2961,
    "fold": 0
  },
  "J9s": {
    "call": 0.9728999999999999,
    "raise": 0.1617,
    "fold": 0
  },
  "J8s": {
    "call": 1,
    "raise": 0.0966,
    "fold": 0
  },
  "J7s": {
    "call": 0.11729999999999999,
    "raise": 0,
    "fold": 0.8827
  },
  "J6s": {
    "call": 0,
    "raise": 0,
    "fold": 1
  },
  "J5s": {
    "call": 0,
    "raise": 0,
    "fold": 1
  },
  "J4s": {
    "call": 0,
    "raise": 0,
    "fold": 1
  },
  "J3s": {
    "call": 0,
    "raise": 0,
    "fold": 1
  },
  "J2s": {
    "call": 0,
    "raise": 0,
    "fold": 1
  },
  "ATo": {
    "call": 1,
    "raise": 0.0609,
    "fold": 0
  },
  "KTo": {
    "call": 0.1955,
    "raise": 0,
    "fold": 0.8045
  },
  "QTo": {
    "call": 0.391,
    "raise": 0,
    "fold": 0.609
  },
  "JTo": {
    "call": 0.368,
    "raise": 0,
    "fold": 0.632
  },
  "TT": {
    "call": 0.9177,
    "raise": 0.2121,
    "fold": 0
  },
  "T9s": {
    "call": 0.9038999999999999,
    "raise": 0.2247,
    "fold": 0
  },
  "T8s": {
    "call": 0.9774999999999999,
    "raise": 0.1575,
    "fold": 0
  },
  "T7s": {
    "call": 1,
    "raise": 0.016800000000000002,
    "fold": 0
  },
  "T6s": {
    "call": 0.1127,
    "raise": 0,
    "fold": 0.8873
  },
  "T5s": {
    "call": 0,
    "raise": 0,
    "fold": 1
  },
  "T4s": {
    "call": 0,
    "raise": 0,
    "fold": 1
  },
  "T3s": {
    "call": 0,
    "raise": 0,
    "fold": 1
  },
  "T2s": {
    "call": 0,
    "raise": 0,
    "fold": 1
  },
  "A9o": {
    "call": 0,
    "raise": 0,
    "fold": 1
  },
  "K9o": {
    "call": 0,
    "raise": 0,
    "fold": 1
  },
  "Q9o": {
    "call": 0,
    "raise": 0,
    "fold": 1
  },
  "J9o": {
    "call": 0,
    "raise": 0,
    "fold": 1
  },
  "T9o": {
    "call": 0.043699999999999996,
    "raise": 0,
    "fold": 0.9563
  },
  "98s": {
    "call": 1,
    "raise": 0.0945,
    "fold": 0
  },
  "97s": {
    "call": 1,
    "raise": 0.0609,
    "fold": 0
  },
  "96s": {
    "call": 1,
    "raise": 0,
    "fold": 0
  },
  "95s": {
    "call": 0.11499999999999999,
    "raise": 0,
    "fold": 0.885
  },
  "94s": {
    "call": 0,
    "raise": 0,
    "fold": 1
  },
  "93s": {
    "call": 0,
    "raise": 0,
    "fold": 1
  },
  "92s": {
    "call": 0,
    "raise": 0,
    "fold": 1
  },
  "A8o": {
    "call": 0,
    "raise": 0,
    "fold": 1
  },
  "K8o": {
    "call": 0,
    "raise": 0,
    "fold": 1
  },
  "Q8o": {
    "call": 0,
    "raise": 0,
    "fold": 1
  },
  "J8o": {
    "call": 0,
    "raise": 0,
    "fold": 1
  },
  "T8o": {
    "call": 0,
    "raise": 0,
    "fold": 1
  },
  "98o": {
    "call": 0,
    "raise": 0,
    "fold": 1
  },
  "87s": {
    "call": 0.8924,
    "raise": 0.23520000000000002,
    "fold": 0
  },
  "86s": {
    "call": 1,
    "raise": 0.1113,
    "fold": 0
  },
  "85s": {
    "call": 0.8602,
    "raise": 0,
    "fold": 0.13980000000000004
  },
  "84s": {
    "call": 0,
    "raise": 0,
    "fold": 1
  },
  "83s": {
    "call": 0,
    "raise": 0,
    "fold": 1
  },
  "82s": {
    "call": 0,
    "raise": 0,
    "fold": 1
  },
  "A7o": {
    "call": 0,
    "raise": 0,
    "fold": 1
  },
  "K7o": {
    "call": 0,
    "raise": 0,
    "fold": 1
  },
  "Q7o": {
    "call": 0,
    "raise": 0,
    "fold": 1
  },
  "J7o": {
    "call": 0,
    "raise": 0,
    "fold": 1
  },
  "T7o": {
    "call": 0,
    "raise": 0,
    "fold": 1
  },
  "97o": {
    "call": 0,
    "raise": 0,
    "fold": 1
  },
  "87o": {
    "call": 0,
    "raise": 0,
    "fold": 1
  },
  "76s": {
    "call": 0.8325999999999999,
    "raise": 0.28980000000000006,
    "fold": 0
  },
  "75s": {
    "call": 0.9567999999999999,
    "raise": 0.17640000000000003,
    "fold": 0
  },
  "74s": {
    "call": 0.6853999999999999,
    "raise": 0,
    "fold": 0.3146000000000001
  },
  "73s": {
    "call": 0,
    "raise": 0,
    "fold": 1
  },
  "72s": {
    "call": 0,
    "raise": 0,
    "fold": 1
  },
  "A6o": {
    "call": 0,
    "raise": 0,
    "fold": 1
  },
  "K6o": {
    "call": 0,
    "raise": 0,
    "fold": 1
  },
  "Q6o": {
    "call": 0,
    "raise": 0,
    "fold": 1
  },