{
  "22": {
    "call": 0.20608,
    "raise": 0,
    "fold": 0.79392
  },
  "33": {
    "call": 0.20384000000000002,
    "raise": 0,
    "fold": 0.79616
  },
  "44": {
    "call": 0.23968000000000003,
    "raise": 0.09870000000000001,
    "fold": 0.66162
  },
  "55": {
    "call": 0.31584,
    "raise": 0.1701,
    "fold": 0.51406
  },
  "66": {
    "call": 0.47264,
    "raise": 0.48930000000000007,
    "fold": 0.03805999999999998
  },
  "77": {
    "call": 0.6115200000000001,
    "raise": 0.4767,
    "fold": 0
  },
  "88": {
    "call": 0.5756800000000001,
    "raise": 0.5103,
    "fold": 0
  },
  "99": {
    "call": 0.5152000000000001,
    "raise": 0.5670000000000001,
    "fold": 0
  },
  "AA": {
    "call": 0,
    "raise": 1,
    "fold": 0
  },
  "AKs": {
    "call": 0,
    "raise": 1,
    "fold": 0
  },
  "AQs": {
    "call": 0,
    "raise": 1,
    "fold": 0
  },
  "AJs": {
    "call": 0.49280000000000007,
    "raise": 0.5880000000000001,
    "fold": 0
  },
  "ATs": {
    "call": 0.66976,
    "raise": 0.42210000000000003,
    "fold": 0
  },
  "A9s": {
    "call": 0.42336000000000007,
    "raise": 0.6531,
    "fold": 0
  },
  "A8s": {
    "call": 0.26656,
    "raise": 0.8001,
    "fold": 0
  },
  "A7s": {
    "call": 0.19040000000000004,
    "raise": 0.6699,
    "fold": 0.13969999999999994
  },
  "A6s": {
    "call": 0.07840000000000001,
    "raise": 0.1029,
    "fold": 0.8187
  },
  "A5s": {
    "call": 0.40096000000000004,
    "raise": 0.6741,
    "fold": 0
  },
  "A4s": {
    "call": 0.35840000000000005,
    "raise": 0.7140000000000001,
    "fold": 0
  },
  "A3s": {
    "call": 0.24192000000000002,
    "raise": 0.8232,
    "fold": 0
  },
  "A2s": {
    "call": 0.011200000000000002,
    "raise": 0.063,
    "fold": 0.9258
  },
  "AKo": {
    "call": 0,
    "raise": 1,
    "fold": 0
  },
  "KK": {
    "call": 0,
    "raise": 1,
    "fold": 0
  },
  "KQs": {
    "call": 0.28672000000000003,
    "raise": 0.7812,
    "fold": 0
  },
  "KJs": {
    "call": 0.21728000000000003,
    "raise": 0.8463,
    "fold": 0
  },
  "KTs": {
    "call": 0.41216,
    "raise": 0.6636000000000001,
    "fold": 0
  },
  "K9s": {
    "call": 0.36064,
    "raise": 0.7119000000000001,
    "fold": 0
  },
  "K8s": {
    "call": 0.031360000000000006,
    "raise": 0,
    "fold": 0.96864
  },
  "K7s": {
    "call": 0.024640000000000002,
    "raise": 0,
    "fold": 0.97536
  },
  "K6s": {
    "call": 0.12544000000000002,
    "raise": 0.2331,
    "fold": 0.64146
  },
  "K5s": {
    "call": 0.017920000000000002,
    "raise": 0,
    "fold": 0.98208
  },
  "K4s": {
    "call": 0,
    "raise": 0,
    "fold": 1
  },
  "K3s": {
    "call": 0,
    "raise": 0,
    "fold": 1
  },
  "K2s": {
    "call": 0,
    "raise": 0,
    "fold": 1
  },
  "AQo": {
    "call": 0.41664,
    "raise": 0.6594,
    "fold": 0
  },
  "KQo": {
    "call": 0.28896000000000005,
    "raise": 0.7791,
    "fold": 0
  },
  "QQ": {
    "call": 0,
    "raise": 1,
    "fold": 0
  },
  "QJs": {
    "call": 0.41440000000000005,
    "raise": 0.6615000000000001,
    "fold": 0
  },
  "QTs": {
    "call": 0.5241600000000001,
    "raise": 0.5586000000000001,
    "fold": 0
  },
  "Q9s": {
    "call": 0.06944,
    "raise": 0.9282,
    "fold": 0.0023600000000000287
  },
  "Q8s": {
    "call": 0,
    "raise": 0,
    "fold": 1
  },
  "Q7s": {
    "call": 0,
    "raise": 0,
    "fold": 1
  },
  "Q6s": {
    "call": 0,
    "raise": 0,
    "fold": 1
  },
  "Q5s": {
    "call": 0,
    "raise": 0,
    "fold": 1
  },
  "Q4s": {
    "call": 0,
    "raise": 0,
    "fold": 1
  },
  "Q3s": {
    "call": 0,
    "raise": 0,
    "fold": 1
  },
  "Q2s": {
    "call": 0,
    "raise": 0,
    "fold": 1
  },
  "AJo": {
    "call": 0.20608,
    "raise": 0.8568,
    "fold": 0
  },
  "KJo": {
    "call": 0.18368000000000004,
    "raise": 0.5670000000000001,
    "fold": 0.24931999999999988
  },
  "QJo": {
    "call": 0,
    "raise": 0.33390000000000003,
    "fold": 0.6660999999999999
  },
  "JJ": {
    "call": 0.15008000000000002,
    "raise": 0.9093,
    "fold": 0
  },
  "JTs": {
    "call": 0.36288000000000004,
    "raise": 0.7098000000000001,
    "fold": 0
  },
  "J9s": {
    "call": 0.16352,
    "raise": 0.14070000000000002,
    "fold": 0.69578
  },
  "J8s": {
    "call": 0,
    "raise": 0,
    "fold": 1
  },
  "J7s": {
    "call": 0,
    "raise": 0,
    "fold": 1
  },
  "J6s": {
    "call": 0,
    "raise": 0,
    "fold": 1
  },
  "J5s": {
    "call": 0,
    "raise": 0,
    "fold": 1
  },
  "J4s": {
    "call": 0,
    "raise": 0,
    "fold": 1
  },
  "J3s": {
    "call": 0,
    "raise": 0,
    "fold": 1
  },
  "J2s": {
    "call": 0,
    "raise": 0,
    "fold": 1
  },
  "ATo": {
    "call": 0,
    "raise": 0.7581,
    "fold": 0.2419
  },
  "KTo": {
    "call": 0,
    "raise": 0.1092,
    "fold": 0.8908
  },
  "QTo": {
    "call": 0,
    "raise": 0,
    "fold": 1
  },
  "JTo": {
    "call": 0,
    "raise": 0,
    "fold": 1
  },
  "TT": {
    "call": 0.41216,
    "raise": 0.6636000000000001,
    "fold": 0
  },
  "T9s": {
    "call": 0.29344000000000003,
    "raise": 0.4137,
    "fold": 0.29285999999999995
  },
  "T8s": {
    "call": 0.03808000000000001,
    "raise": 0,
    "fold": 0.96192
  },
  "T7s": {
    "call": 0,
    "raise": 0,
    "fold": 1
  },
  "T6s": {
    "call": 0,
    "raise": 0,
    "fold": 1
  },
  "T5s": {
    "call": 0,
    "raise": 0,
    "fold": 1
  },
  "T4s": {
    "call": 0,
    "raise": 0,
    "fold": 1
  },
  "T3s": {
    "call": 0,
    "raise": 0,
    "fold": 1
  },
  "T2s": {
    "call": 0,
    "raise": 0,
    "fold": 1
  },
  "A9o": {
    "call": 0,
    "raise": 0,
    "fold": 1
  },
  "K9o": {
    "call": 0,
    "raise": 0,
    "fold": 1
  },
  "Q9o": {
    "call": 0,
    "raise": 0,
    "fold": 1
  },
  "J9o": {
    "call": 0,
    "raise": 0,
    "fold": 1
  },
  "T9o": {
    "call": 0,
    "raise": 0,
    "fold": 1
  },
  "98s": {
    "call": 0.17024,
    "raise": 0,
    "fold": 0.82976
  },
  "97s": {
    "call": 0,
    "raise": 0,
    "fold": 1
  },
  "96s": {
    "call": 0,
    "raise": 0,
    "fold": 1
  },
  "95s": {
    "call": 0,
    "raise": 0,
    "fold": 1
  },
  "94s": {
    "call": 0,
    "raise": 0,
    "fold": 1
  },
  "93s": {
    "call": 0,
    "raise": 0,
    "fold": 1
  },
  "92s": {
    "call": 0,
    "raise": 0,
    "fold": 1
  },
  "A8o": {
    "call": 0,
    "raise": 0,
    "fold": 1
  },
  "K8o": {
    "call": 0,
    "raise": 0,
    "fold": 1
  },
  "Q8o": {
    "call": 0,
    "raise": 0,
    "fold": 1
  },
  "J8o": {
    "call": 0,
    "raise": 0,
    "fold": 1
  },
  "T8o": {
    "call": 0,
    "raise": 0,
    "fold": 1
  },
  "98o": {
    "call": 0,
    "raise": 0,
    "fold": 1
  },
  "87s": {
    "call": 0.16352,
    "raise": 0.11760000000000001,
    "fold": 0.71888
  },
  "86s": {
    "call": 0,
    "raise": 0,
    "fold": 1
  },
  "85s": {
    "call": 0,
    "raise": 0,
    "fold": 1
  },
  "84s": {
    "call": 0,
    "raise": 0,
    "fold": 1
  },
  "83s": {
    "call": 0,
    "raise": 0,
    "fold": 1
  },
  "82s": {
    "call": 0,
    "raise": 0,
    "fold": 1
  },
  "A7o": {
    "call": 0,
    "raise": 0,
    "fold": 1
  },
  "K7o": {
    "call": 0,
    "raise": 0,
    "fold": 1
  },
  "Q7o": {
    "call": 0,
    "raise": 0,
    "fold": 1
  },
  "J7o": {
    "call": 0,
    "raise": 0,
    "fold": 1
  },
  "T7o": {
    "call": 0,
    "raise": 0,
    "fold": 1
  },
  "97o": {
    "call": 0,
    "raise": 0,
    "fold": 1
  },
  "87o": {
    "call": 0,
    "raise": 0,
    "fold": 1
  },
  "76s": {
    "call": 0.12768000000000002,
    "raise": 0.1554,
    "fold": 0.71692
  },
  "75s": {
    "call": 0,
    "raise": 0,
    "fold": 1
  },
  "74s": {
    "call": 0,
    "raise": 0,
    "fold": 1
  },
  "73s": {
    "call": 0,
    "raise": 0,
    "fold": 1
  },
  "72s": {
    "call": 0,
    "raise": 0,
    "fold": 1
  },
  "A6o": {
    "call": 0,
    "raise": 0,
    "fold": 1
  },
  "K6o": {
    "call": 0,
    "raise": 0,
    "fold": 1
  },
  "Q6o": {
    "call": 0,
    "raise": 0,